學校,系所,計畫類別,系所招生對象,招生名額,考試項目,日程公告,聯絡資訊,相關連結,備註,區域公私立,學校名稱,地區,City,考試方式簡記,Search_Tags
"【北區、國立】
國立臺灣大學",大氣科學系,特殊選才,"特殊才能
不同教育資歷：
1.實驗教育學生",1,"審查:50%(就所繳資料加以審查後決定可參加口試之名單。)
口試:50%(通過本學系審查資料後，評定為符合口試資格者。)","【簡章公告】2025/10/1 
【報名日期】2025/11/12 ~ 2025/11/21
【考試日期】2025/12/09 ~ 2025/12/09
【放榜日期】2025/12/24","聯絡人：林明昌
聯絡電話：(02)33663923",簡章網址 ( https://reg.aca.ntu.edu.tw/mars/ ),【備註】詳細日程請以簡章公告為主。,北區、國立,國立臺灣大學,台北,Taipei,審查 Document Review / 口試 Interview,"Taipei, 台北, NTU, National Taiwan University, Physics, Atmosphere, Earth Science, Document Review, Portfolio, Interview, Oral Test, Experimental Education, Homeschooling, Self-taught, Special Talent, Contest Winner, Competition"
"【北區、國立】
國立臺灣大學",化學系,特殊選才,"特殊才能
不同教育資歷：
1.實驗教育學生",7,"審查:0%(就所繳資料加以審查後決定可參加口試之名單。)
口試:100%(通過本學系審查資料後，評定為符合口試資格者。)","【簡章公告】2025/10/1 
【報名日期】2025/11/12 ~ 2025/11/21
【考試日期】2025/12/13 ~ 2025/12/13
【放榜日期】2025/12/24","聯絡人：許慧楨
聯絡電話：(02)33661143",簡章網址 ( https://reg.aca.ntu.edu.tw/mars/ ),"【備註】1.詳細日程請以簡章公告為主。
2.本項招生考生入學就讀後，不得僅以雙主修之加修學系資格畢業。",北區、國立,國立臺灣大學,台北,Taipei,審查 Document Review / 口試 Interview,"Taipei, 台北, NTU, National Taiwan University, Chemistry, Chem, Document Review, Portfolio, Interview, Oral Test, Experimental Education, Homeschooling, Self-taught, Special Talent, Contest Winner, Competition"
"【北區、國立】
國立臺灣大學",生化科技學系,特殊選才,"特殊才能
不同教育資歷：
1.實驗教育學生",2,"審查:50%(就所繳資料加以審查後決定可參加口試之名單。)
口試:50%(通過本學系書面資料審查，且成績排名前6名者，得以參加口試。)","【簡章公告】2025/10/1 
【報名日期】2025/11/12 ~ 2025/11/21
【考試日期】2025/12/06 ~ 2025/12/06
【放榜日期】2025/12/24","聯絡人：林雅玲
聯絡電話：(02)33664456",簡章網址 ( https://reg.aca.ntu.edu.tw/mars/ ),【備註】詳細日程請以簡章公告為主。,北區、國立,國立臺灣大學,台北,Taipei,審查 Document Review / 口試 Interview,"Taipei, 台北, NTU, National Taiwan University, Chemistry, Chem, Document Review, Portfolio, Interview, Oral Test, Experimental Education, Homeschooling, Self-taught, Special Talent, Contest Winner, Competition"
"【北區、國立】
國立臺灣大學",生命科學系,特殊選才,"特殊才能
不同教育資歷：
1.實驗教育學生",8,"審查:0%(就所繳資料加以審查後決定可參加口試之名單。)
口試:100%(通過本學系審查資料後，評定為符合口試資格者。)","【簡章公告】2025/10/1 
【報名日期】2025/11/12 ~ 2025/11/21
【考試日期】2025/12/13 ~ 2025/12/13
【放榜日期】2025/12/24","聯絡人：黃雅倫
聯絡電話：(02)33662495",簡章網址 ( https://reg.aca.ntu.edu.tw/mars/ ),"【備註】1.詳細日程請以簡章公告為主。
2.本項招生考生入學就讀後，不得僅以雙主修之加修學系資格畢業。",北區、國立,國立臺灣大學,台北,Taipei,審查 Document Review / 口試 Interview,"Taipei, 台北, NTU, National Taiwan University, Biology, Bio, Life Science, Agriculture, Document Review, Portfolio, Interview, Oral Test, Experimental Education, Homeschooling, Self-taught, Special Talent, Contest Winner, Competition"
"【北區、國立】
國立臺灣大學",生物環境系統工程學系,特殊選才,"特殊才能
不同教育資歷：
1.實驗教育學生",2,"審查:30%(就所繳資料加以審查後決定可參加口試之名單。)
口試:70%(通過本學系審查資料後，評定為符合口試資格者。)","【簡章公告】2025/10/1 
【報名日期】2025/11/12 ~ 2025/11/21
【考試日期】2025/12/04 ~ 2025/12/04
【放榜日期】2025/12/24","聯絡人：廖泓韻
聯絡電話：(02)33663444",簡章網址 ( https://reg.aca.ntu.edu.tw/mars/ ),【備註】詳細日程請以簡章公告為主。,北區、國立,國立臺灣大學,台北,Taipei,審查 Document Review / 口試 Interview,"Taipei, 台北, NTU, National Taiwan University, Biology, Bio, Life Science, Agriculture, Document Review, Portfolio, Interview, Oral Test, Experimental Education, Homeschooling, Self-taught, Special Talent, Contest Winner, Competition"
"【北區、國立】
國立臺灣大學",地理環境資源學系,特殊選才,"特殊才能
不同教育資歷：
1.實驗教育學生",1,"審查:50%(就所繳資料加以審查後決定可參加口試之名單。)
口試:50%(通過本學系審查資料後，評定為符合口試資格者。)","【簡章公告】2025/10/1 
【報名日期】2025/11/12 ~ 2025/11/21
【考試日期】2025/12/11 ~ 2025/12/11
【放榜日期】2025/12/24","聯絡人：彭云
聯絡電話：(02)33665821",簡章網址 ( https://reg.aca.ntu.edu.tw/mars/ ),【備註】詳細日程請以簡章公告為主。,北區、國立,國立臺灣大學,台北,Taipei,審查 Document Review / 口試 Interview,"Taipei, 台北, NTU, National Taiwan University, Document Review, Portfolio, Interview, Oral Test, Experimental Education, Homeschooling, Self-taught, Special Talent, Contest Winner, Competition"
"【北區、國立】
國立臺灣大學",地質科學系,特殊選才,"特殊才能
不同教育資歷：
1.實驗教育學生",3,"審查:0%(就所繳資料加以審查後決定可參加口試之名單。)
口試:100%(通過本學系審查資料後，評定為符合口試資格者。)","【簡章公告】2025/10/1 
【報名日期】2025/11/12 ~ 2025/11/21
【考試日期】2025/12/06 ~ 2025/12/06
【放榜日期】2025/12/24","聯絡人：廖子文
聯絡電話：(02)33669475",簡章網址 ( https://reg.aca.ntu.edu.tw/mars/ ),【備註】詳細日程請以簡章公告為主。,北區、國立,國立臺灣大學,台北,Taipei,審查 Document Review / 口試 Interview,"Taipei, 台北, NTU, National Taiwan University, Document Review, Portfolio, Interview, Oral Test, Experimental Education, Homeschooling, Self-taught, Special Talent, Contest Winner, Competition"
"【北區、國立】
國立臺灣大學",昆蟲學系,特殊選才,"特殊才能
不同教育資歷：
1.實驗教育學生",2,"審查:0%(就所繳資料加以審查後決定可參加口試之名單。)
口試:100%(通過本學系審查資料後，評定為符合口試資格者。)","【簡章公告】2025/10/1 
【報名日期】2025/11/12 ~ 2025/11/21
【考試日期】2025/12/05 ~ 2025/12/05
【放榜日期】2025/12/24","聯絡人：何曉嬋
聯絡電話：(02)33665582",簡章網址 ( https://reg.aca.ntu.edu.tw/mars/ ),【備註】詳細日程請以簡章公告為主。,北區、國立,國立臺灣大學,台北,Taipei,審查 Document Review / 口試 Interview,"Taipei, 台北, NTU, National Taiwan University, Document Review, Portfolio, Interview, Oral Test, Experimental Education, Homeschooling, Self-taught, Special Talent, Contest Winner, Competition"
"【北區、國立】
國立臺灣大學",物理學系,特殊選才,"特殊才能
不同教育資歷：
1.實驗教育學生",5,"審查:0%(就所繳資料加以審查後決定可參加口試之名單。)
口試:100%(通過本學系審查資料後，評定為符合口試資格者。)","【簡章公告】2025/10/1 
【報名日期】2025/11/12 ~ 2025/11/21
【考試日期】2025/12/14 ~ 2025/12/14
【放榜日期】2025/12/24","聯絡人：胡靚
聯絡電話：(02)33665123",簡章網址 ( https://reg.aca.ntu.edu.tw/mars/ ),【備註】詳細日程請以簡章公告為主。,北區、國立,國立臺灣大學,台北,Taipei,審查 Document Review / 口試 Interview,"Taipei, 台北, NTU, National Taiwan University, Physics, Atmosphere, Earth Science, Document Review, Portfolio, Interview, Oral Test, Experimental Education, Homeschooling, Self-taught, Special Talent, Contest Winner, Competition"
"【北區、國立】
國立臺灣大學",社會學系,特殊選才,"特殊才能
不同教育資歷：
1.實驗教育學生",1,"審查:0%(就所繳資料加以審查後決定可參加口試之名單。)
口試:100%(通過本學系審查資料後，評定為符合口試資格者。)","【簡章公告】2025/10/1 
【報名日期】2025/11/12 ~ 2025/11/21
【考試日期】2025/12/11 ~ 2025/12/11
【放榜日期】2025/12/24","聯絡人：黃瑜焄
聯絡電話：(02)33661217",簡章網址 ( https://reg.aca.ntu.edu.tw/mars/ ),【備註】詳細日程請以簡章公告為主。,北區、國立,國立臺灣大學,台北,Taipei,審查 Document Review / 口試 Interview,"Taipei, 台北, NTU, National Taiwan University, Social Sciences, Psychology, Communication, History, Philosophy, Document Review, Portfolio, Interview, Oral Test, Experimental Education, Homeschooling, Self-taught, Special Talent, Contest Winner, Competition"
"【北區、國立】
國立臺灣大學",動物科學技術學系,特殊選才,"特殊才能
不同教育資歷：
1.實驗教育學生",1,"審查:0%(就所繳資料加以審查後決定可參加口試之名單。)
口試:100%(通過本學系審查資料後，評定為符合口試資格者。)","【簡章公告】2025/10/1 
【報名日期】2025/11/12 ~ 2025/11/21
【考試日期】2025/12/06 ~ 2025/12/06
【放榜日期】2025/12/24","聯絡人：陳宜鴻
聯絡電話：(02)33664140",簡章網址 ( https://reg.aca.ntu.edu.tw/mars/ ),【備註】詳細日程請以簡章公告為主。,北區、國立,國立臺灣大學,台北,Taipei,審查 Document Review / 口試 Interview,"Taipei, 台北, NTU, National Taiwan University, Document Review, Portfolio, Interview, Oral Test, Experimental Education, Homeschooling, Self-taught, Special Talent, Contest Winner, Competition"
"【北區、國立】
國立臺灣大學",國際體育運動事務學士學位學程,特殊選才,"特殊才能
不同教育資歷：
1.實驗教育學生",1,"審查:50%(就所繳資料加以審查後決定可參加口試之名單。)
口試:50%(通過本學系書面資料審查，且成績排名前6名者，得以參加口試。)","【簡章公告】2025/10/1 
【報名日期】2025/11/12 ~ 2025/11/21
【考試日期】2025/12/11 ~ 2025/12/11
【放榜日期】2025/12/24","聯絡人：李芸蘋
聯絡電話：(02)33665959#480",簡章網址 ( https://reg.aca.ntu.edu.tw/mars/ ),"【備註】1.詳細日程請以簡章公告為主。
2.本項招生考生入學就讀後，不得僅以雙主修之加修學系資格畢業。",北區、國立,國立臺灣大學,台北,Taipei,審查 Document Review / 口試 Interview,"Taipei, 台北, NTU, National Taiwan University, Interdisciplinary, Cross-disciplinary, General Program, Multidisciplinary, Document Review, Portfolio, Interview, Oral Test, Experimental Education, Homeschooling, Self-taught, Special Talent, Contest Winner, Competition"
"【北區、國立】
國立臺灣大學",森林環境暨資源學系,特殊選才,"特殊才能
不同教育資歷：
1.實驗教育學生",6,"審查:0%(就所繳資料加以審查後決定可參加口試之名單。)
口試:100%(通過本學系審查資料後，評定為符合口試資格者。)","【簡章公告】2025/10/1 
【報名日期】2025/11/12 ~ 2025/11/21
【考試日期】2025/12/13 ~ 2025/12/13
【放榜日期】2025/12/24","聯絡人：林建村
聯絡電話：(02)33664609",簡章網址 ( https://reg.aca.ntu.edu.tw/mars/ ),"【備註】1.詳細日程請以簡章公告為主。
2.本項招生考生入學就讀後，不得僅以雙主修之加修學系資格畢業。",北區、國立,國立臺灣大學,台北,Taipei,審查 Document Review / 口試 Interview,"Taipei, 台北, NTU, National Taiwan University, Document Review, Portfolio, Interview, Oral Test, Experimental Education, Homeschooling, Self-taught, Special Talent, Contest Winner, Competition"
"【北區、國立】
國立臺灣大學",園藝暨景觀學系,特殊選才,"特殊才能
不同教育資歷：
1.實驗教育學生",1,"審查:50%(就所繳資料加以審查後決定可參加口試之名單。)
口試:50%(通過本學系審查資料後，評定為符合口試資格者。)","【簡章公告】2025/10/1 
【報名日期】2025/11/12 ~ 2025/11/21
【考試日期】2025/12/05 ~ 2025/12/05
【放榜日期】2025/12/24","聯絡人：莊立綺
聯絡電話：(02)33664868",簡章網址 ( https://reg.aca.ntu.edu.tw/mars/ ),"【備註】1.詳細日程請以簡章公告為主。
2.本項招生考生入學就讀後，不得僅以雙主修之加修學系資格畢業。",北區、國立,國立臺灣大學,台北,Taipei,審查 Document Review / 口試 Interview,"Taipei, 台北, NTU, National Taiwan University, Document Review, Portfolio, Interview, Oral Test, Experimental Education, Homeschooling, Self-taught, Special Talent, Contest Winner, Competition"
"【北區、國立】
國立臺灣大學",經濟學系,特殊選才,"特殊才能
不同教育資歷：
1.實驗教育學生",5,"審查:0%(就所繳資料加以審查後決定可參加口試之名單。)
口試:100%(通過本學系審查資料後，評定為符合口試資格者。)","【簡章公告】2025/10/1 
【報名日期】2025/11/12 ~ 2025/11/21
【考試日期】2025/12/05 ~ 2025/12/05
【放榜日期】2025/12/24","聯絡人：吳孟珊
聯絡電話：(02)33668448",簡章網址 ( https://reg.aca.ntu.edu.tw/mars/ ),【備註】詳細日程請以簡章公告為主。,北區、國立,國立臺灣大學,台北,Taipei,審查 Document Review / 口試 Interview,"Taipei, 台北, NTU, National Taiwan University, Business, Management, Economics, Finance, Document Review, Portfolio, Interview, Oral Test, Experimental Education, Homeschooling, Self-taught, Special Talent, Contest Winner, Competition"
"【北區、國立】
國立臺灣大學",農業經濟學系,特殊選才,"特殊才能
不同教育資歷：
1.實驗教育學生",1,"審查:30%(就所繳資料加以審查後決定可參加口試之名單。)
口試:70%(通過本學系審查資料後，評定為符合口試資格者。)","【簡章公告】2025/10/1 
【報名日期】2025/11/12 ~ 2025/11/21
【考試日期】2025/12/05 ~ 2025/12/05
【放榜日期】2025/12/24","聯絡人：魏郁庭
聯絡電話：(02)33662676",簡章網址 ( https://reg.aca.ntu.edu.tw/mars/ ),"【備註】1.詳細日程請以簡章公告為主。
2.本項招生考生入學就讀後，不得僅以雙主修之加修學系資格畢業。",北區、國立,國立臺灣大學,台北,Taipei,審查 Document Review / 口試 Interview,"Taipei, 台北, NTU, National Taiwan University, Business, Management, Economics, Finance, Document Review, Portfolio, Interview, Oral Test, Experimental Education, Homeschooling, Self-taught, Special Talent, Contest Winner, Competition"
"【北區、國立】
國立臺灣大學",農藝學系,特殊選才,"特殊才能
不同教育資歷：
1.實驗教育學生",2,"審查:30%(就所繳資料加以審查後決定可參加口試之名單。)
口試:70%(通過本學系審查資料後，評定為符合口試資格者。)","【簡章公告】2025/10/1 
【報名日期】2025/11/12 ~ 2025/11/21
【考試日期】2025/12/05 ~ 2025/12/05
【放榜日期】2025/12/24","聯絡人：黃秀鳳
聯絡電話：(02)33664751",簡章網址 ( https://reg.aca.ntu.edu.tw/mars/ ),"【備註】1.詳細日程請以簡章公告為主。
2.以報名資格第1點報考者，得於報名時先檢附決賽報名文件，並於114年11月25日(星期二)下午5時前，將得獎名次證明以 email至：shufong@ntu.edu.tw。
3.本項招生考生入學就讀後，不得僅以雙主修之加修學系資格畢業。",北區、國立,國立臺灣大學,台北,Taipei,審查 Document Review / 口試 Interview,"Taipei, 台北, NTU, National Taiwan University, Document Review, Portfolio, Interview, Oral Test, Experimental Education, Homeschooling, Self-taught, Special Talent, Contest Winner, Competition"
"【北區、國立】
國立臺灣大學",數學系,特殊選才,"特殊才能
不同教育資歷：
1.實驗教育學生",15,"審查:0%(就所繳資料加以審查後決定可參加口試之名單。)
口試:100%(通過本學系審查資料後，評定為符合口試資格者。)","【簡章公告】2025/10/1 
【報名日期】2025/11/12 ~ 2025/11/21
【考試日期】2025/12/12 ~ 2025/12/12
【放榜日期】2025/12/24","聯絡人：陳彥希
聯絡電話：(02)33662815",簡章網址 ( https://reg.aca.ntu.edu.tw/mars/ ),【備註】詳細日程請以簡章公告為主。,北區、國立,國立臺灣大學,台北,Taipei,審查 Document Review / 口試 Interview,"Taipei, 台北, NTU, National Taiwan University, Math, Statistics, Data Science, Document Review, Portfolio, Interview, Oral Test, Experimental Education, Homeschooling, Self-taught, Special Talent, Contest Winner, Competition"
"【北區、國立】
國立臺灣大學",機械工程學系,特殊選才,"特殊才能
不同教育資歷：
1.實驗教育學生",1,"審查:40%(就所繳資料加以審查後決定可參加口試之名單。)
口試:60%(通過本學系審查資料後，評定為符合口試資格者。)","【簡章公告】2025/10/1 
【報名日期】2025/11/12 ~ 2025/11/21
【考試日期】2025/12/05 ~ 2025/12/05
【放榜日期】2025/12/24","聯絡人：歐秋屏
聯絡電話：(02)33662733",簡章網址 ( https://reg.aca.ntu.edu.tw/mars/ ),"【備註】1.詳細日程請以簡章公告為主。
2.本項招生考生入學就讀後，不得僅以雙主修之加修學系資格畢業。",北區、國立,國立臺灣大學,台北,Taipei,審查 Document Review / 口試 Interview,"Taipei, 台北, NTU, National Taiwan University, Document Review, Portfolio, Interview, Oral Test, Experimental Education, Homeschooling, Self-taught, Special Talent, Contest Winner, Competition"
"【北區、國立】
國立臺灣師範大學",公民教育與活動領導學系,特殊選才,"特殊才能
不同教育資歷：
1.境外臺生
2.新住民及其子女
3.經濟弱勢學生
4.實驗教育學生
5.持境外學歷報考且同時持國外具公信力之入學用大型測驗成績者",7,"書面審查：一、成績證明或學習狀況/ 自傳（學生自述）/ 讀書計畫（含申請動機、學習計畫等）/ 其他有利審查資料
	 二、符合「報考資格附加規定」之證明資料","【簡章公告】2025/9/8  
【報名日期】2025/09/30 ~ 2025/10/08
【考試日期】2025/11/01 ~ 2025/11/16
【放榜日期】2025/12/4","聯絡人：陳助教
聯絡電話：(02)7749-1868",簡章網址 ( https://enroll.itc.ntnu.edu.tw/Enroll/SuperEntry ),"【備註】1.各項目依所占比率加計後，總成績滿分為100分。
2.各項資料均須於報名時繳齊，逾期不接受補繳。",北區、國立,國立臺灣師範大學,台北,Taipei,審查 Document Review,"Taipei, 台北, NTNU, Taiwan Normal University, Document Review, Portfolio, Experimental Education, Homeschooling, Self-taught, Overseas Student, Bilingual, International, Special Talent, Contest Winner, Competition"
"【北區、國立】
國立臺灣師範大學",化學系,特殊選才,"特殊才能
不同教育資歷：
1.境外臺生
2.新住民及其子女
3.經濟弱勢學生
4.實驗教育學生",2,"書面審查
口試","【簡章公告】2025/9/8  
【報名日期】2025/09/30 ~ 2025/10/08
【考試日期】2025/11/01 ~ 2025/11/16
【放榜日期】2025/12/4","聯絡人：林助教
聯絡電話：(02)7749-6109",簡章網址 ( https://enroll.itc.ntnu.edu.tw/Enroll/SuperEntry ),"【備註】各考試項目滿分皆為100 分；
各項目依所占比率加計後，總成績滿分為100分。",北區、國立,國立臺灣師範大學,台北,Taipei,審查 Document Review / 口試 Interview,"Taipei, 台北, NTNU, Taiwan Normal University, Chemistry, Chem, Document Review, Portfolio, Interview, Oral Test, Experimental Education, Homeschooling, Self-taught, Overseas Student, Bilingual, International, Special Talent, Contest Winner, Competition"
"【北區、國立】
國立臺灣師範大學",生命科學系,特殊選才,"特殊才能
不同教育資歷：
1.境外臺生
2.新住民及其子女
3.經濟弱勢學生
4.實驗教育學生",3,"書面審查：就所繳資料加以審查
口試：針對報考動機、生物專業問題等進行問答","【簡章公告】2025/9/8  
【報名日期】2025/09/30 ~ 2025/10/08
【考試日期】2025/11/01 ~ 2025/11/16
【放榜日期】2025/12/4","聯絡人：翁助教
聯絡電話：(02)7749-6291",簡章網址 ( https://enroll.itc.ntnu.edu.tw/Enroll/SuperEntry ),"【備註】1.各考試項目滿分皆為100分；各項目依所占比率加計後，總成績滿分為100分。 
2.招生目標：對生命科學具特殊性向與才能者，期能培育優秀的生命科學人才。 
3.本系必修課包含實驗課，需於課堂操作儀器設備及藥品，考生須具備維護個人安全之能力。",北區、國立,國立臺灣師範大學,台北,Taipei,審查 Document Review / 口試 Interview,"Taipei, 台北, NTNU, Taiwan Normal University, Biology, Bio, Life Science, Agriculture, Document Review, Portfolio, Interview, Oral Test, Experimental Education, Homeschooling, Self-taught, Overseas Student, Bilingual, International, Special Talent, Contest Winner, Competition"
"【北區、國立】
國立臺灣師範大學",地球科學系,特殊選才,"特殊才能
不同教育資歷：
1.境外臺生
2.新住民及其子女
3.經濟弱勢學生
4.實驗教育學生
5.持境外學歷報考且同時持國外具公信力之入學用大型測驗成績者",5,"書面審查：就所繳資料加以審查。
初試通過者始得參加複試，成績特優者，得免複試逕行錄取，逕取生錄取總成績佔分比例為初試100%。
口試","【簡章公告】2025/9/8  
【報名日期】2025/09/30 ~ 2025/10/08
【考試日期】2025/11/01 ~ 2025/11/16
【放榜日期】2025/12/4","聯絡人：劉助教
聯絡電話：(02)7749-6374",簡章網址 ( https://enroll.itc.ntnu.edu.tw/Enroll/SuperEntry ),"【備註】1.各考試項目滿分皆為100分；各項目依所占比率加計後，總成績滿分為100分。 
2.本系為師資培育學系。 
3.經此管道錄取本系者，不得轉系至其他系所。 
4.凡擬就讀本校大學部之學生，其學科能力測驗成績優異或曾獲國際重要競賽獎項，並獲學系推薦者，可依本校「學士班新生入學成績優異獎學金實施要點」申請獎學金（總金額新臺幣50萬元整）。",北區、國立,國立臺灣師範大學,台北,Taipei,審查 Document Review / 口試 Interview,"Taipei, 台北, NTNU, Taiwan Normal University, Physics, Atmosphere, Earth Science, Document Review, Portfolio, Interview, Oral Test, Experimental Education, Homeschooling, Self-taught, Overseas Student, Bilingual, International, Special Talent, Contest Winner, Competition"
"【北區、國立】
國立臺灣師範大學",物理學系,特殊選才,"特殊才能
不同教育資歷：
1.境外臺生
2.新住民及其子女
3.經濟弱勢學生
4.實驗教育學生
5.持境外學歷報考且同時持國外具公信力之入學用大型測驗成績者",2,"書面審查（滿分100分）
口試（滿分100分）","【簡章公告】2025/9/8  
【報名日期】2025/09/30 ~ 2025/10/08
【考試日期】2025/11/01 ~ 2025/11/16
【放榜日期】2025/12/4","聯絡人：高助教
聯絡電話：(02)7749-6004",簡章網址 ( https://enroll.itc.ntnu.edu.tw/Enroll/SuperEntry ),【備註】各考試項目滿分皆為100分；各項目依所占比率加計後，總成績滿分為100分。,北區、國立,國立臺灣師範大學,台北,Taipei,審查 Document Review / 口試 Interview,"Taipei, 台北, NTNU, Taiwan Normal University, Physics, Atmosphere, Earth Science, Document Review, Portfolio, Interview, Oral Test, Experimental Education, Homeschooling, Self-taught, Overseas Student, Bilingual, International, Special Talent, Contest Winner, Competition"
"【北區、國立】
國立臺灣師範大學",社會教育學系,特殊選才,"特殊才能
不同教育資歷：
1.新住民及其子女
2.經濟弱勢學生
3.實驗教育學生",6,"書面審查：就所繳資料加以審查。
初試成績特優者，得免複試逕行錄取，逕取生錄取總成績佔分比例為初試100%。
口試：必要時得辦理口試進行甄選。","【簡章公告】2025/9/8  
【報名日期】2025/09/30 ~ 2025/10/08
【考試日期】2025/11/01 ~ 2025/11/16
【放榜日期】2025/12/4","聯絡人：林助教
聯絡電話：(02)7749-3803",簡章網址 ( https://enroll.itc.ntnu.edu.tw/Enroll/SuperEntry ),【備註】各考試項目滿分皆為100分；各項目依所占比率加計後，總成績滿分為100分。,北區、國立,國立臺灣師範大學,台北,Taipei,審查 Document Review / 口試 Interview,"Taipei, 台北, NTNU, Taiwan Normal University, Social Sciences, Psychology, Communication, History, Philosophy, Document Review, Portfolio, Interview, Oral Test, Experimental Education, Homeschooling, Self-taught, Special Talent, Contest Winner, Competition"
"【北區、國立】
國立臺灣師範大學",表演藝術學系,特殊選才,"特殊才能
不同教育資歷：
1.境外臺生
2.新住民及其子女
3.經濟弱勢學生
4.實驗教育學生",7,"書面審查
術科考試－演唱、朗讀及肢體呈現(以初試總分擇優至多36名進複試)","【簡章公告】2025/9/8  
【報名日期】2025/09/30 ~ 2025/10/08
【考試日期】2025/11/01 ~ 2025/11/16
【放榜日期】2025/12/4","聯絡人：謝助教
聯絡電話：(02)7749-5487",簡章網址 ( https://enroll.itc.ntnu.edu.tw/Enroll/SuperEntry ),"【備註】1.各科滿分皆為100分；各項目依所占比率加計後，總成績滿分為100分。惟術科考試須達85分，始予錄取。 
2.各項資料均須於報名時繳齊，逾期不接受補繳。 
3.錄取之新生不得申請保留入學資格（惟服兵役不在此限）。 
4.本學位學程需常使用視力、聽力及肢體表現。",北區、國立,國立臺灣師範大學,台北,Taipei,審查 Document Review,"Taipei, 台北, NTNU, Taiwan Normal University, Arts, Design, Music, Drama, Film, Animation, Document Review, Portfolio, Experimental Education, Homeschooling, Self-taught, Overseas Student, Bilingual, International, Special Talent, Contest Winner, Competition"
"【北區、國立】
國立臺灣師範大學",美術學系,特殊選才,"特殊才能
不同教育資歷：
1.境外臺生
2.新住民及其子女
3.經濟弱勢學生
4.實驗教育學生",2,"術科考試
口試暨作品與審查資料","【簡章公告】2025/9/8  
【報名日期】2025/09/30 ~ 2025/10/08
【考試日期】2025/11/01 ~ 2025/11/16
【放榜日期】2025/12/4","聯絡人：曾助教
聯絡電話：(02)7749-3021",簡章網址 ( https://enroll.itc.ntnu.edu.tw/Enroll/SuperEntry ),"【備註】1.各科滿分皆為100分；各項目依所占比率加計後，總成績滿分為100分。 
2.報考資格附加規定之獲獎資歷需為近三年內(112~114年間)獲得，並於報考時檢附相關證明文件，以供審核報考資格，逾期恕不接受補繳，亦不接受現場交件。 
3.作品與資料審查，請於口試時以簡報方式呈現，不需另外繳交紙本作品集與相關資料。 
4.錄取之新生不得申請保留入學資格（惟服兵役不在此限）。",北區、國立,國立臺灣師範大學,台北,Taipei,審查 Document Review / 口試 Interview,"Taipei, 台北, NTNU, Taiwan Normal University, Arts, Design, Music, Drama, Film, Animation, Document Review, Portfolio, Interview, Oral Test, Experimental Education, Homeschooling, Self-taught, Overseas Student, Bilingual, International, Special Talent, Contest Winner, Competition"
"【北區、國立】
國立臺灣師範大學",英語學系,特殊選才,"特殊才能
不同教育資歷：
1.新住民及其子女
2.經濟弱勢學生
3.實驗教育學生",3,"書面審查：就所繳資料加以審查
口試（初試達一定標準者，始得參加複試）","【簡章公告】2025/9/8  
【報名日期】2025/09/30 ~ 2025/10/08
【考試日期】2025/11/01 ~ 2025/11/16
【放榜日期】2025/12/4","聯絡人：王助教
聯絡電話：(02)7749-1802",簡章網址 ( https://enroll.itc.ntnu.edu.tw/Enroll/SuperEntry ),"【備註】1.各考試項目滿分皆為100分；各項目依所占比率加計後，總成績滿分為100分。  
2.各項資料均須於報名時繳齊，逾期不接受補繳。 
3.所繳之各項資料均不退還，請自存底本。 
4.錄取生須通過全民英檢高級複試檢定（或等同之國際標準化測驗），始得畢業。",北區、國立,國立臺灣師範大學,台北,Taipei,審查 Document Review / 口試 Interview,"Taipei, 台北, NTNU, Taiwan Normal University, Foreign Languages, English, Linguistics, Document Review, Portfolio, Interview, Oral Test, Experimental Education, Homeschooling, Self-taught, Special Talent, Contest Winner, Competition"
"【北區、國立】
國立臺灣師範大學",音樂學系,特殊選才,"特殊才能
不同教育資歷：
1.實驗教育學生",3,"書面審查：就所繳資料加以審查。
術科及面試。","【簡章公告】2025/9/8  
【報名日期】2025/09/30 ~ 2025/10/08
【考試日期】2025/11/01 ~ 2025/11/16
【放榜日期】2025/12/4","聯絡人：許助教
聯絡電話：(02)7749-3013",簡章網址 ( https://enroll.itc.ntnu.edu.tw/Enroll/SuperEntry ),【備註】主修科目限鋼琴、弦樂（小提琴、中提琴、大提琴、低音提琴、豎琴）、管樂（長笛、單簧管、雙簧管、法國號、低音管、小號、長號、薩克斯管、上低音號、低音號），請於報名時選定。,北區、國立,國立臺灣師範大學,台北,Taipei,審查 Document Review / 口試 Interview,"Taipei, 台北, NTNU, Taiwan Normal University, Arts, Design, Music, Drama, Film, Animation, Document Review, Portfolio, Interview, Oral Test, Experimental Education, Homeschooling, Self-taught, Special Talent, Contest Winner, Competition"
"【北區、國立】
國立臺灣師範大學",華語文教學系應用華語文學組,特殊選才,"特殊才能
不同教育資歷：
1.境外臺生
2.新住民及其子女
3.經濟弱勢學生
4.實驗教育學生
5.持境外學歷報考且同時持國外具公信力之入學用大型測驗成績者",2,"書面資料審查
口試","【簡章公告】2025/9/8  
【報名日期】2025/09/30 ~ 2025/10/08
【考試日期】2025/11/01 ~ 2025/11/16
【放榜日期】2025/12/4","聯絡人：袁助教
聯絡電話：(02)7749-3632",簡章網址 ( https://enroll.itc.ntnu.edu.tw/Enroll/SuperEntry ),"【備註】1.各考試項目滿分皆為100分；各項目依所占比率加計後，總成績滿分為100分。 
2.所繳之各項資料均不退還，請自存底本。 
3.錄取之學生須通過本系外語能力檢定標準，始符合畢業資格。",北區、國立,國立臺灣師範大學,台北,Taipei,審查 Document Review / 口試 Interview,"Taipei, 台北, NTNU, Taiwan Normal University, Foreign Languages, English, Linguistics, Document Review, Portfolio, Interview, Oral Test, Experimental Education, Homeschooling, Self-taught, Overseas Student, Bilingual, International, Special Talent, Contest Winner, Competition"
"【北區、國立】
國立臺灣師範大學",臺灣語文學系,特殊選才,"特殊才能
不同教育資歷：
1.實驗教育學生
2.其他：
自學",1,"書面審查
口試","【簡章公告】2025/9/8  
【報名日期】2025/09/30 ~ 2025/10/08
【考試日期】2025/11/01 ~ 2025/11/16
【放榜日期】2025/12/4","聯絡人：吳助教
聯絡電話：(02)7749-5516",簡章網址 ( https://enroll.itc.ntnu.edu.tw/Enroll/SuperEntry ),"【備註】1.各考試項目滿分皆為100分；各項目依所占比率加計後，總成績滿分為100分。 
2.各項資料均須於報名時繳齊，逾期不接受補繳。 
3.錄取之新生不得申請保留入學資格（惟服兵役不在此限）。 
4.錄取之新生須通過本系外語能力檢定標準，始符合畢業資格。",北區、國立,國立臺灣師範大學,台北,Taipei,審查 Document Review / 口試 Interview,"Taipei, 台北, NTNU, Taiwan Normal University, Foreign Languages, English, Linguistics, Document Review, Portfolio, Interview, Oral Test, Experimental Education, Homeschooling, Self-taught, Special Talent, Contest Winner, Competition"
"【北區、國立】
國立臺灣師範大學",數學系,特殊選才,"特殊才能
不同教育資歷：
1.境外臺生
2.新住民及其子女
3.經濟弱勢學生
4.實驗教育學生
5.持境外學歷報考且同時持國外具公信力之入學用大型測驗成績者",5,"書面審查
通過上午筆試者方可參加下午口試","【簡章公告】2025/9/8  
【報名日期】2025/09/30 ~ 2025/10/08
【考試日期】2025/11/01 ~ 2025/11/16
【放榜日期】2025/12/4","聯絡人：郭助教
聯絡電話：(02)7749-6580",簡章網址 ( https://enroll.itc.ntnu.edu.tw/Enroll/SuperEntry ),【備註】各考試項目滿分皆為100分；各項目依所占比率加計後，總成績滿分為100分。,北區、國立,國立臺灣師範大學,台北,Taipei,審查 Document Review / 口試 Interview / 筆試/實作 Written/Practical,"Taipei, 台北, NTNU, Taiwan Normal University, Math, Statistics, Data Science, Document Review, Portfolio, Interview, Oral Test, Written Test, Practical Exam, Experimental Education, Homeschooling, Self-taught, Overseas Student, Bilingual, International, Special Talent, Contest Winner, Competition"
"【北區、國立】
國立政治大學",土耳其語文學系,特殊選才,"特殊才能
不同教育資歷：
1.境外臺生
2.新住民及其子女
3.經濟弱勢學生
4.實驗教育學生
5.持境外學歷報考且同時持國外具公信力之入學用大型測驗成績者",1,"⼀、資料審查(佔40%)。 
二、面試(佔60%)。","【簡章公告】2025/10/13
【報名日期】2025/11/03 ~ 2025/11/11
【考試日期】2025/12/12 ~ 2025/12/12
【放榜日期】2025/12/23","聯絡人：高助教
聯絡電話：(02)2939-3091分機62312",簡章網址 ( https://www.nccu.edu.tw/p/403-1000-116.php?Lang=zh-tw ),nan,北區、國立,國立政治大學,台北,Taipei,審查 Document Review / 口試 Interview,"Taipei, 台北, NCCU, National Chengchi University, Foreign Languages, English, Linguistics, Document Review, Portfolio, Interview, Oral Test, Experimental Education, Homeschooling, Self-taught, Overseas Student, Bilingual, International, Special Talent, Contest Winner, Competition"
"【北區、國立】
國立政治大學",中國文學系,特殊選才,"特殊才能
不同教育資歷：
1.境外臺生
2.新住民及其子女
3.經濟弱勢學生
4.實驗教育學生
5.持境外學歷報考且同時持國外具公信力之入學用大型測驗成績者",2,"⼀、資料審查(佔40%)。
二、面試(佔60%)。","【簡章公告】2025/10/13
【報名日期】2025/11/03 ~ 2025/11/11
【考試日期】2025/12/12 ~ 2025/12/12
【放榜日期】2025/12/23","聯絡人：袁助教
聯絡電話：(02)2939-3091分機62303",簡章網址 ( https://www.nccu.edu.tw/p/403-1000-116.php?Lang=zh-tw ),nan,北區、國立,國立政治大學,台北,Taipei,審查 Document Review / 口試 Interview,"Taipei, 台北, NCCU, National Chengchi University, Document Review, Portfolio, Interview, Oral Test, Experimental Education, Homeschooling, Self-taught, Overseas Student, Bilingual, International, Special Talent, Contest Winner, Competition"
"【北區、國立】
國立政治大學",民族學系,特殊選才,"特殊才能
不同教育資歷：
1.境外臺生
2.新住民及其子女
3.經濟弱勢學生
4.實驗教育學生
5.持境外學歷報考且同時持國外具公信力之入學用大型測驗成績者",4,"⼀、資料審查(佔50%)。 
二、面試(佔50%)。","【簡章公告】2025/10/13
【報名日期】2025/11/03 ~ 2025/11/11
【考試日期】2025/12/12 ~ 2025/12/12
【放榜日期】2025/12/23","聯絡人：張助教
聯絡電話：(02)2939-3091分機50551",簡章網址 ( https://www.nccu.edu.tw/p/403-1000-116.php?Lang=zh-tw ),nan,北區、國立,國立政治大學,台北,Taipei,審查 Document Review / 口試 Interview,"Taipei, 台北, NCCU, National Chengchi University, Document Review, Portfolio, Interview, Oral Test, Experimental Education, Homeschooling, Self-taught, Overseas Student, Bilingual, International, Special Talent, Contest Winner, Competition"
"【北區、國立】
國立政治大學",東南亞語文學系越文組,特殊選才,"特殊才能
不同教育資歷：
1.境外臺生
2.新住民及其子女
3.經濟弱勢學生
4.實驗教育學生
5.持境外學歷報考且同時持國外具公信力之入學用大型測驗成績者",2,"⼀、資料審查(佔50%)。
二、面試(佔50%)。","【簡章公告】2025/10/13
【報名日期】2025/11/03 ~ 2025/11/11
【考試日期】2025/12/15 ~ 2025/12/15
【放榜日期】2025/12/23","聯絡人：梁助教
聯絡電話：(02)2939-3091分機62745",簡章網址 ( https://www.nccu.edu.tw/p/403-1000-116.php?Lang=zh-tw ),nan,北區、國立,國立政治大學,台北,Taipei,審查 Document Review / 口試 Interview,"Taipei, 台北, NCCU, National Chengchi University, Foreign Languages, English, Linguistics, Document Review, Portfolio, Interview, Oral Test, Experimental Education, Homeschooling, Self-taught, Overseas Student, Bilingual, International, Special Talent, Contest Winner, Competition"
"【北區、國立】
國立政治大學",東南亞語文學系泰文組,特殊選才,"特殊才能
不同教育資歷：
1.境外臺生
2.新住民及其子女
3.經濟弱勢學生
4.實驗教育學生
5.持境外學歷報考且同時持國外具公信力之入學用大型測驗成績者",2,"⼀、資料審查(佔50%)。
二、面試(佔50%)。","【簡章公告】2025/10/13
【報名日期】2025/11/03 ~ 2025/11/11
【考試日期】2025/12/15 ~ 2025/12/15
【放榜日期】2025/12/23","聯絡人：梁助教
聯絡電話：(02)2939-3091分機62745",簡章網址 ( https://www.nccu.edu.tw/p/403-1000-116.php?Lang=zh-tw ),nan,北區、國立,國立政治大學,台北,Taipei,審查 Document Review / 口試 Interview,"Taipei, 台北, NCCU, National Chengchi University, Foreign Languages, English, Linguistics, Document Review, Portfolio, Interview, Oral Test, Experimental Education, Homeschooling, Self-taught, Overseas Student, Bilingual, International, Special Talent, Contest Winner, Competition"
"【北區、國立】
國立政治大學",東南亞語文學系印尼文組,特殊選才,"特殊才能
不同教育資歷：
1.境外臺生
2.新住民及其子女
3.經濟弱勢學生
4.實驗教育學生
5.持境外學歷報考且同時持國外具公信力之入學用大型測驗成績者",2,"⼀、資料審查(佔50%)。
二、面試(佔50%)。","【簡章公告】2025/10/13
【報名日期】2025/11/03 ~ 2025/11/11
【考試日期】2025/12/15 ~ 2025/12/15
【放榜日期】2025/12/23","聯絡人：梁助教
聯絡電話：(02)2939-3091分機62745",簡章網址 ( https://www.nccu.edu.tw/p/403-1000-116.php?Lang=zh-tw ),nan,北區、國立,國立政治大學,台北,Taipei,審查 Document Review / 口試 Interview,"Taipei, 台北, NCCU, National Chengchi University, Foreign Languages, English, Linguistics, Document Review, Portfolio, Interview, Oral Test, Experimental Education, Homeschooling, Self-taught, Overseas Student, Bilingual, International, Special Talent, Contest Winner, Competition"
"【北區、國立】
國立政治大學",金融學系,特殊選才,"特殊才能
不同教育資歷：
1.境外臺生
2.新住民及其子女
3.經濟弱勢學生
4.實驗教育學生
5.持境外學歷報考且同時持國外具公信力之入學用大型測驗成績者",1,"⼀、資料審查(佔40%)。 
二、面試(佔60%)。","【簡章公告】2025/10/13
【報名日期】2025/11/03 ~ 2025/11/11
【考試日期】2025/12/15 ~ 2025/12/15
【放榜日期】2025/12/23","聯絡人：蔡助教
聯絡電話：(02)2939-3091分機87142",簡章網址 ( https://www.nccu.edu.tw/p/403-1000-116.php?Lang=zh-tw ),nan,北區、國立,國立政治大學,台北,Taipei,審查 Document Review / 口試 Interview,"Taipei, 台北, NCCU, National Chengchi University, Business, Management, Economics, Finance, Document Review, Portfolio, Interview, Oral Test, Experimental Education, Homeschooling, Self-taught, Overseas Student, Bilingual, International, Special Talent, Contest Winner, Competition"
"【北區、國立】
國立政治大學",阿拉伯語文學系,特殊選才,"特殊才能
不同教育資歷：
1.境外臺生
2.新住民及其子女
3.經濟弱勢學生
4.實驗教育學生
5.持境外學歷報考且同時持國外具公信力之入學用大型測驗成績者",1,"⼀、資料審查(佔50%)。
二、面試(佔50%)。","【簡章公告】2025/10/13
【報名日期】2025/11/03 ~ 2025/11/11
【考試日期】2025/12/12 ~ 2025/12/12
【放榜日期】2025/12/23","聯絡人：魏助教
聯絡電話：(02)2939-3091分機63401",簡章網址 ( https://www.nccu.edu.tw/p/403-1000-116.php?Lang=zh-tw ),nan,北區、國立,國立政治大學,台北,Taipei,審查 Document Review / 口試 Interview,"Taipei, 台北, NCCU, National Chengchi University, Foreign Languages, English, Linguistics, Document Review, Portfolio, Interview, Oral Test, Experimental Education, Homeschooling, Self-taught, Overseas Student, Bilingual, International, Special Talent, Contest Winner, Competition"
"【北區、國立】
國立政治大學",風險管理與保險學系,特殊選才,"特殊才能
不同教育資歷：
1.境外臺生
2.新住民及其子女
3.經濟弱勢學生
4.實驗教育學生
5.持境外學歷報考且同時持國外具公信力之入學用大型測驗成績者",2,"⼀、資料審查(佔30%)。
二、面試(佔70%)。","【簡章公告】2025/10/13
【報名日期】2025/11/03 ~ 2025/11/11
【考試日期】2025/12/15 ~ 2025/12/15
【放榜日期】2025/12/23","聯絡人：張助教
聯絡電話：(02)2939-3091分機89071",簡章網址 ( https://www.nccu.edu.tw/p/403-1000-116.php?Lang=zh-tw ),nan,北區、國立,國立政治大學,台北,Taipei,審查 Document Review / 口試 Interview,"Taipei, 台北, NCCU, National Chengchi University, Business, Management, Economics, Finance, Document Review, Portfolio, Interview, Oral Test, Experimental Education, Homeschooling, Self-taught, Overseas Student, Bilingual, International, Special Talent, Contest Winner, Competition"
"【北區、國立】
國立政治大學",哲學系,特殊選才,"特殊才能
不同教育資歷：
1.境外臺生
2.新住民及其子女
3.經濟弱勢學生
4.實驗教育學生
5.持境外學歷報考且同時持國外具公信力之入學用大型測驗成績者",2,"⼀、資料審查(佔40%)。
二、面試(佔60%)。","【簡章公告】2025/10/13
【報名日期】2025/11/03 ~ 2025/11/11
【考試日期】2025/12/15 ~ 2025/12/15
【放榜日期】2025/12/23","聯絡人：吳助教
聯絡電話：(02)2939-3091分機62361",簡章網址 ( https://www.nccu.edu.tw/p/403-1000-116.php?Lang=zh-tw ),nan,北區、國立,國立政治大學,台北,Taipei,審查 Document Review / 口試 Interview,"Taipei, 台北, NCCU, National Chengchi University, Social Sciences, Psychology, Communication, History, Philosophy, Document Review, Portfolio, Interview, Oral Test, Experimental Education, Homeschooling, Self-taught, Overseas Student, Bilingual, International, Special Talent, Contest Winner, Competition"
"【北區、國立】
國立政治大學",財務管理學系,特殊選才,"特殊才能
不同教育資歷：
1.境外臺生
2.新住民及其子女
3.經濟弱勢學生
4.實驗教育學生
5.持境外學歷報考且同時持國外具公信力之入學用大型測驗成績者",1,"⼀、資料審查(佔30%)。 
二、面試(佔70%)。","【簡章公告】2025/10/13
【報名日期】2025/11/03 ~ 2025/11/11
【考試日期】2025/12/12 ~ 2025/12/12
【放榜日期】2025/12/23","聯絡人：楊助教
聯絡電話：(02)2939-3091分機88592",簡章網址 ( https://www.nccu.edu.tw/p/403-1000-116.php?Lang=zh-tw ),nan,北區、國立,國立政治大學,台北,Taipei,審查 Document Review / 口試 Interview,"Taipei, 台北, NCCU, National Chengchi University, Business, Management, Economics, Finance, Document Review, Portfolio, Interview, Oral Test, Experimental Education, Homeschooling, Self-taught, Overseas Student, Bilingual, International, Special Talent, Contest Winner, Competition"
"【北區、國立】
國立政治大學",國際經營與貿易學系,特殊選才,"特殊才能
不同教育資歷：
1.境外臺生
2.新住民及其子女
3.經濟弱勢學生
4.實驗教育學生
5.持境外學歷報考且同時持國外具公信力之入學用大型測驗成績者",1,"⼀、資料審查(佔30%)。
二、面試(佔70%)。","【簡章公告】2025/10/13
【報名日期】2025/11/03 ~ 2025/11/11
【考試日期】2025/12/12 ~ 2025/12/12
【放榜日期】2025/12/23","聯絡人：李助教
聯絡電話：(02)2939-3091分機87006",簡章網址 ( https://www.nccu.edu.tw/p/403-1000-116.php?Lang=zh-tw ),nan,北區、國立,國立政治大學,台北,Taipei,審查 Document Review / 口試 Interview,"Taipei, 台北, NCCU, National Chengchi University, Document Review, Portfolio, Interview, Oral Test, Experimental Education, Homeschooling, Self-taught, Overseas Student, Bilingual, International, Special Talent, Contest Winner, Competition"
"【北區、國立】
國立政治大學",統計學系,特殊選才,"特殊才能
不同教育資歷：
1.境外臺生
2.新住民及其子女
3.經濟弱勢學生
4.實驗教育學生
5.持境外學歷報考且同時持國外具公信力之入學用大型測驗成績者",1,"⼀、資料審查(佔50%)。
二、面試(佔50%)。","【簡章公告】2025/10/13
【報名日期】2025/11/03 ~ 2025/11/11
【考試日期】2025/12/15 ~ 2025/12/15
【放榜日期】2025/12/23","聯絡人：許助教
聯絡電話：(02)2939-3091分機89021",簡章網址 ( https://www.nccu.edu.tw/p/403-1000-116.php?Lang=zh-tw ),nan,北區、國立,國立政治大學,台北,Taipei,審查 Document Review / 口試 Interview,"Taipei, 台北, NCCU, National Chengchi University, Math, Statistics, Data Science, Document Review, Portfolio, Interview, Oral Test, Experimental Education, Homeschooling, Self-taught, Overseas Student, Bilingual, International, Special Talent, Contest Winner, Competition"
"【北區、國立】
國立政治大學",創新國際學院學士班,特殊選才,"特殊才能
不同教育資歷：
1.境外臺生
2.新住民及其子女
3.經濟弱勢學生
4.實驗教育學生
5.持境外學歷報考且同時持國外具公信力之入學用大型測驗成績者",3,"⼀、資料審查(佔50%)。
二、面試(佔50%)。","【簡章公告】2025/10/13
【報名日期】2025/11/03 ~ 2025/11/11
【考試日期】2025/12/12 ~ 2025/12/12
【放榜日期】2025/12/23","聯絡人：周助教
聯絡電話：(02)2939-3091分機67757",簡章網址 ( https://www.nccu.edu.tw/p/403-1000-116.php?Lang=zh-tw ),nan,北區、國立,國立政治大學,台北,Taipei,審查 Document Review / 口試 Interview,"Taipei, 台北, NCCU, National Chengchi University, Document Review, Portfolio, Interview, Oral Test, Experimental Education, Homeschooling, Self-taught, Overseas Student, Bilingual, International, Special Talent, Contest Winner, Competition"
"【北區、國立】
國立政治大學",斯拉夫語文學系,特殊選才,"特殊才能
不同教育資歷：
1.境外臺生
2.新住民及其子女
3.經濟弱勢學生
4.實驗教育學生
5.持境外學歷報考且同時持國外具公信力之入學用大型測驗成績者",2,"⼀、資料審查(佔40%)。
二、面試(佔60%)。","【簡章公告】2025/10/13
【報名日期】2025/11/03 ~ 2025/11/11
【考試日期】2025/12/12 ~ 2025/12/12
【放榜日期】2025/12/23","聯絡人：劉助教
聯絡電話：(02)2939-3091分機63753",簡章網址 ( https://www.nccu.edu.tw/p/403-1000-116.php?Lang=zh-tw ),nan,北區、國立,國立政治大學,台北,Taipei,審查 Document Review / 口試 Interview,"Taipei, 台北, NCCU, National Chengchi University, Foreign Languages, English, Linguistics, Document Review, Portfolio, Interview, Oral Test, Experimental Education, Homeschooling, Self-taught, Overseas Student, Bilingual, International, Special Talent, Contest Winner, Competition"
"【北區、國立】
國立政治大學",歷史學系,特殊選才,"特殊才能
不同教育資歷：
1.境外臺生
2.新住民及其子女
3.經濟弱勢學生
4.實驗教育學生
5.持境外學歷報考且同時持國外具公信力之入學用大型測驗成績者",2,"⼀、資料審查(佔40%)。
二、面試(佔60%)。","【簡章公告】2025/10/13
【報名日期】2025/11/03 ~ 2025/11/11
【考試日期】2025/12/15 ~ 2025/12/15
【放榜日期】2025/12/23","聯絡人：張助教
聯絡電話：(02)2939-3091分機62351",簡章網址 ( https://www.nccu.edu.tw/p/403-1000-116.php?Lang=zh-tw ),nan,北區、國立,國立政治大學,台北,Taipei,審查 Document Review / 口試 Interview,"Taipei, 台北, NCCU, National Chengchi University, Social Sciences, Psychology, Communication, History, Philosophy, Document Review, Portfolio, Interview, Oral Test, Experimental Education, Homeschooling, Self-taught, Overseas Student, Bilingual, International, Special Talent, Contest Winner, Competition"
"【北區、國立】
國立政治大學",應用數學系,特殊選才,"特殊才能
不同教育資歷：
1.境外臺生
2.新住民及其子女
3.經濟弱勢學生
4.實驗教育學生
5.持境外學歷報考且同時持國外具公信力之入學用大型測驗成績者",5,"⼀、資料審查(佔50%)。
二、面試(佔50%)。","【簡章公告】2025/10/13
【報名日期】2025/11/03 ~ 2025/11/11
【考試日期】2025/12/13 ~ 2025/12/13
【放榜日期】2025/12/23","聯絡人：陸助教
聯絡電話：(02)2939-3091分機62370",簡章網址 ( https://www.nccu.edu.tw/p/403-1000-116.php?Lang=zh-tw ),nan,北區、國立,國立政治大學,台北,Taipei,審查 Document Review / 口試 Interview,"Taipei, 台北, NCCU, National Chengchi University, Math, Statistics, Data Science, Document Review, Portfolio, Interview, Oral Test, Experimental Education, Homeschooling, Self-taught, Overseas Student, Bilingual, International, Special Talent, Contest Winner, Competition"
"【北區、國立】
國立清華大學",生命科學系,特殊選才,"特殊才能
不同教育資歷：
1.境外臺生
2.新住民及其子女
3.經濟弱勢學生
4.實驗教育學生
5.持境外學歷報考且同時持國外具公信力之入學用大型測驗成績者
6.其他：
離島、偏遠地區",1,"一、初試：資料審查，審查指定繳交資料。
二、複試：口試為主。","【簡章公告】2025/9/9  
【報名日期】2025/10/08 ~ 2025/10/14
【考試日期】2025/11/22 ~ 2025/11/22
【放榜日期】2025/12/12","聯絡人：生命科學系辦公室楊小姐
聯絡電話：03-5742770","簡章網址 ( https://adms.site.nthu.edu.tw/p/406-1207-294938,r1132.php?Lang=zh-tw )
生命科學系 ( https://dls.site.nthu.edu.tw/ )
清華大學招生專區 ( https://adms.site.nthu.edu.tw/ )",【備註】本系培育學生具備紮實的生命科學知識與技能，提供豐富的專業與跨領域課程讓學生修讀，課程內容兼具基礎研究與產業應用來厚植學生就業能力，也藉此培養具有獨立思考、國際視野的生物科技與生物醫學領導人才。歡迎對生命科學與生技、生醫產業有熱忱與創新的同學加入。,北區、國立,國立清華大學,新竹,Hsinchu,審查 Document Review / 口試 Interview,"Hsinchu, 新竹, NTHU, National Tsing Hua University, Biology, Bio, Life Science, Agriculture, Document Review, Portfolio, Interview, Oral Test, Experimental Education, Homeschooling, Self-taught, Overseas Student, Bilingual, International, Special Talent, Contest Winner, Competition"
"【北區、國立】
國立清華大學",材料科學工程學系,特殊選才,"特殊才能
不同教育資歷：
1.境外臺生
2.新住民及其子女
3.經濟弱勢學生
4.實驗教育學生
5.持境外學歷報考且同時持國外具公信力之入學用大型測驗成績者
6.其他：
離島、偏遠地區",2,"一、初試：資料審查，審查指定繳交資料。
二、複試：口試為主。","【簡章公告】2025/9/9  
【報名日期】2025/10/08 ~ 2025/10/14
【考試日期】2025/12/03 ~ 2025/12/03
【放榜日期】2025/12/12","聯絡人：材料系辦公室范小姐
聯絡電話：03-5715131轉33832","簡章網址 ( https://adms.site.nthu.edu.tw/p/406-1207-294938,r1132.php?Lang=zh-tw )
材料科學工程學系 ( https://mse.site.nthu.edu.tw/ )
清華大學招生專區 ( https://adms.site.nthu.edu.tw/ )","【備註】1.本系「領袖材子計畫」每年甄選5-10位學生頒贈5-20萬獎學金進行海外學習或創業。
2.本系與加州大學柏克萊分校簽訂「3+1+X」共同培育學生計畫，提供學生前進世界頂級學府就學機會；另本系與林雪平大學合作，提供學生取得雙聯學位機會。
3.本系首創「業界導師」制度，邀請事業有成、學有專精之系友擔任導師，分享業界實務，提供多元學習資源。",北區、國立,國立清華大學,新竹,Hsinchu,審查 Document Review / 口試 Interview,"Hsinchu, 新竹, NTHU, National Tsing Hua University, Document Review, Portfolio, Interview, Oral Test, Experimental Education, Homeschooling, Self-taught, Overseas Student, Bilingual, International, Special Talent, Contest Winner, Competition"
"【北區、國立】
國立清華大學",物理學系光電物理組,特殊選才,"特殊才能
不同教育資歷：
1.境外臺生
2.新住民及其子女
3.經濟弱勢學生
4.實驗教育學生
5.持境外學歷報考且同時持國外具公信力之入學用大型測驗成績者
6.其他：
離島、偏遠地區",5,"一、初試：資料審查，審查指定繳交資料。
二、複試：口試為主。","【簡章公告】2025/9/9  
【報名日期】2025/10/08 ~ 2025/10/14
【考試日期】2025/11/29 ~ 2025/11/29
【放榜日期】2025/12/12","聯絡人：物理系辦公室方小姐
聯絡電話：03-5742512

聯絡人：物理系辦公室
聯絡電話：03-5719037","簡章網址 ( https://adms.site.nthu.edu.tw/p/406-1207-294938,r1132.php?Lang=zh-tw )
物理學系 ( https://phys.site.nthu.edu.tw/ )
清華大學招生專區 ( https://adms.site.nthu.edu.tw/ )",【備註】本系自成立以來，一直是教學與研究並重，希望培養出具有批判性思考及獨立解決物理相關問題的各類研發人才。目前在國際高等教育資訊機構 QS 物理及天文學科排名已進入世界前百大。畢業生除了繼續從事學術研究工作，在光電，半導體，IC 設計等科技產業的研發製造也有很好的發展。,北區、國立,國立清華大學,新竹,Hsinchu,審查 Document Review / 口試 Interview,"Hsinchu, 新竹, NTHU, National Tsing Hua University, EE, Electrical Engineering, Electronics, Physics, Atmosphere, Earth Science, Document Review, Portfolio, Interview, Oral Test, Experimental Education, Homeschooling, Self-taught, Overseas Student, Bilingual, International, Special Talent, Contest Winner, Competition"
"【北區、國立】
國立清華大學",動力機械工程學系,特殊選才,"特殊才能
不同教育資歷：
1.境外臺生
2.新住民及其子女
3.經濟弱勢學生
4.實驗教育學生
5.持境外學歷報考且同時持國外具公信力之入學用大型測驗成績者
6.其他：
離島、偏遠地區",3,"一、初試：資料審查，審查指定繳交資料。
二、複試：口試為主。","【簡章公告】2025/9/9  
【報名日期】2025/10/08 ~ 2025/10/14
【考試日期】2025/12/04 ~ 2025/12/04
【放榜日期】2025/12/12","聯絡人：動機系辦公室吳小姐
聯絡電話：03-5742678","簡章網址 ( https://adms.site.nthu.edu.tw/p/406-1207-294938,r1132.php?Lang=zh-tw )
動力機械工程學系 ( http://www.pme.nthu.edu.tw/ )
清華大學招生專區 ( https://adms.site.nthu.edu.tw/ )",【備註】本系旨在培養機械與電機工程整合應用之科技人才，近年更結合人工智慧與資訊技術，邁向AI光機電整合。歡迎具優異數理基礎且有興趣於機電整合、能源與動力系統、電機控制、微奈米機電系統、精密機械與智慧製造、AI機電資訊、光機電系統、先進半導體製程及生醫工程等領域的學生申請。,北區、國立,國立清華大學,新竹,Hsinchu,審查 Document Review / 口試 Interview,"Hsinchu, 新竹, NTHU, National Tsing Hua University, Document Review, Portfolio, Interview, Oral Test, Experimental Education, Homeschooling, Self-taught, Overseas Student, Bilingual, International, Special Talent, Contest Winner, Competition"
"【北區、國立】
國立清華大學",清華學院學士班,特殊選才,"特殊才能
不同教育資歷：
1.境外臺生
2.新住民及其子女
3.經濟弱勢學生
4.實驗教育學生
5.持境外學歷報考且同時持國外具公信力之入學用大型測驗成績者
6.其他：
離島、偏遠地區",40,"一、初試：資料審查，本班採全方位審查方式，依申請者之高中學業表現、學習背景、成長環境、特定領域才能或其他特殊優良行為等全面考量。審查中視必要性得實地訪察。
二、複試：口試為主，必要時得採筆試，或依術科才能類別進行術科測驗。","【簡章公告】2025/9/9  
【報名日期】2025/10/08 ~ 2025/10/14
【考試日期】2025/12/06 ~ 2025/12/07
【放榜日期】2025/12/12","聯絡人：招生策略中心
聯絡電話：03-5731399

聯絡人：招生策略中心
聯絡電話：03-5715131轉33001","簡章網址 ( https://adms.site.nthu.edu.tw/p/406-1207-294938,r1132.php?Lang=zh-tw )
清華學院學士班 ( https://ipth.site.nthu.edu.tw/ )
招生策略中心 ( https://adms.site.nthu.edu.tw/ )",【備註】一、本班為大一不分系方式招生，入學後依學生性向及興趣，於大二分流至各學系修讀(無成績限制)。如欲成為師培生，需入學後另外申請甄選。二、其他詳細說明請見本校學士班特殊選才(拾穗計畫)招生簡章。,北區、國立,國立清華大學,新竹,Hsinchu,審查 Document Review / 口試 Interview / 筆試/實作 Written/Practical,"Hsinchu, 新竹, NTHU, National Tsing Hua University, Document Review, Portfolio, Interview, Oral Test, Written Test, Practical Exam, Experimental Education, Homeschooling, Self-taught, Overseas Student, Bilingual, International, Special Talent, Contest Winner, Competition"
"【北區、國立】
國立清華大學",資訊工程學系,特殊選才,"特殊才能
不同教育資歷：
1.境外臺生
2.新住民及其子女
3.經濟弱勢學生
4.實驗教育學生
5.持境外學歷報考且同時持國外具公信力之入學用大型測驗成績者
6.其他：
離島、偏遠地區",6,"一、初試：資料審查，審查指定繳交資料。
二、複試：口試為主。","【簡章公告】2025/9/9  
【報名日期】2025/10/08 ~ 2025/10/14
【考試日期】2025/12/07 ~ 2025/12/07
【放榜日期】2025/12/12","聯絡人：資工系辦公室林小姐
聯絡電話：03-5715131轉31220","簡章網址 ( https://adms.site.nthu.edu.tw/p/406-1207-294938,r1132.php?Lang=zh-tw )
資訊工程學系 ( http://web.cs.nthu.edu.tw/ )
清華大學招生專區 ( https://adms.site.nthu.edu.tw/ )","【備註】1.本系培養前瞻資訊工程與應用之人才。師資及課程規劃強調跨領域整合、規劃與實務兼備，並能與國際接軌。大一、大二安排紮實的基礎課程訓練，大三以上配合資訊、電子產業需求，規劃各種專業領域，包含人工智慧、雲端計算、多媒體系統、網路、IC設計、嵌入式系統等。成績優秀學生可獲國際交換生交流獎學金機會。本系提供五年學碩士雙學位及學士直攻博士學位管道。
2.特殊選才入學之學生皆為本系乙組(資訊工程組)。",北區、國立,國立清華大學,新竹,Hsinchu,審查 Document Review / 口試 Interview,"Hsinchu, 新竹, NTHU, National Tsing Hua University, CS, Computer Science, IT, Software, AI, Document Review, Portfolio, Interview, Oral Test, Experimental Education, Homeschooling, Self-taught, Overseas Student, Bilingual, International, Special Talent, Contest Winner, Competition"
"【北區、國立】
國立清華大學",電機工程學系,特殊選才,"特殊才能
不同教育資歷：
1.境外臺生
2.新住民及其子女
3.經濟弱勢學生
4.實驗教育學生
5.持境外學歷報考且同時持國外具公信力之入學用大型測驗成績者
6.其他：
離島、偏遠地區",5,"一、初試：資料審查，審查指定繳交資料。
二、複試：口試為主。","【簡章公告】2025/9/9  
【報名日期】2025/10/08 ~ 2025/10/14
【考試日期】2025/11/28 ~ 2025/11/28
【放榜日期】2025/12/12","聯絡人：電機系辦公室辜小姐
聯絡電話：03-5162194","簡章網址 ( https://adms.site.nthu.edu.tw/p/406-1207-294938,r1132.php?Lang=zh-tw )
電機工程學系 ( http://web.ee.nthu.edu.tw/ )
清華大學招生專區 ( https://adms.site.nthu.edu.tw/ )",【備註】本系以培養人文素養與科學精神兼備，具有自我學習、獨立思考與創造知識的世界級電機科技菁英為目標。成績優秀學生可獲國際交換生交流獎學金機會；本系與國外著名大學合作授予雙聯學位，提供同學多元出國學習機會。同時提供五年取得學、碩士學學位與學士直攻博士管道，其他詳細說明請見本校特殊選才招生簡章，或本系官網。,北區、國立,國立清華大學,新竹,Hsinchu,審查 Document Review / 口試 Interview,"Hsinchu, 新竹, NTHU, National Tsing Hua University, EE, Electrical Engineering, Electronics, Document Review, Portfolio, Interview, Oral Test, Experimental Education, Homeschooling, Self-taught, Overseas Student, Bilingual, International, Special Talent, Contest Winner, Competition"
"【北區、國立】
國立清華大學",數學系,特殊選才,"特殊才能
不同教育資歷：
1.境外臺生
2.新住民及其子女
3.經濟弱勢學生
4.實驗教育學生
5.持境外學歷報考且同時持國外具公信力之入學用大型測驗成績者
6.其他：
離島、偏遠地區",6,"一、初試：資料審查，審查指定繳交資料。
二、複試：口試為主。","【簡章公告】2025/9/9  
【報名日期】2025/10/08 ~ 2025/10/14
【考試日期】2025/11/28 ~ 2025/11/28
【放榜日期】2025/12/12","聯絡人：數學系辦公室黃小姐
聯絡電話：03-5715131轉33020","簡章網址 ( https://adms.site.nthu.edu.tw/p/406-1207-294938,r1132.php?Lang=zh-tw )
數學系 ( http://www.math.nthu.edu.tw/ )
清華大學招生專區 ( https://adms.site.nthu.edu.tw/ )",【備註】本系對基礎數學訓練和其科學應用並重，以造就數學研究和教育的學術人才，及跨足資訊、金融、保險等高科技產業的專業人士。數學組強調數學的核心領域如分析、幾何與拓樸、代數與數論等，以培養數理能力做為研究、教育、應用科學和科技的基礎。應用數學組提供方程、動態系統、科學計算、機率等跨領域的訓練，培養數學科學的應用能力做為各高科技產業必要的數理基礎。,北區、國立,國立清華大學,新竹,Hsinchu,審查 Document Review / 口試 Interview,"Hsinchu, 新竹, NTHU, National Tsing Hua University, Math, Statistics, Data Science, Document Review, Portfolio, Interview, Oral Test, Experimental Education, Homeschooling, Self-taught, Overseas Student, Bilingual, International, Special Talent, Contest Winner, Competition"
"【北區、國立】
國立清華大學",藝術與設計學系創作組,特殊選才,"特殊才能
不同教育資歷：
1.境外臺生
2.新住民及其子女
3.經濟弱勢學生
4.實驗教育學生
5.持境外學歷報考且同時持國外具公信力之入學用大型測驗成績者
6.其他：
離島、偏遠地區",3,"一、初試：資料審查，審查指定繳交資料。
二、複試：口試為主。","【簡章公告】2025/9/9  
【報名日期】2025/10/08 ~ 2025/10/14
【考試日期】2025/11/21 ~ 2025/11/21
【放榜日期】2025/12/12","聯絡人：藝設系辦公室何葉小姐
聯絡電話：03-5715131轉72903","簡章網址 ( https://adms.site.nthu.edu.tw/p/406-1207-294938,r1132.php?Lang=zh-tw )
藝術與設計學系 ( https://artdesign.nthu.edu.tw/ )
清華大學招生專區 ( https://adms.site.nthu.edu.tw/ )",【備註】本系創作組強調具人文素養之專業能力訓練，創作實踐與理論研究並重。創作教學兼重繪畫、水墨、複合媒材裝置、影像跨域等多元形式表現，並藉史論類課程引導學生獨立思考，透過實作、實習，養成策展、藝術評論能力。學生在各類比賽表現傑出，並積極參與國際展覽與交流。,北區、國立,國立清華大學,新竹,Hsinchu,審查 Document Review / 口試 Interview,"Hsinchu, 新竹, NTHU, National Tsing Hua University, Arts, Design, Music, Drama, Film, Animation, Document Review, Portfolio, Interview, Oral Test, Experimental Education, Homeschooling, Self-taught, Overseas Student, Bilingual, International, Special Talent, Contest Winner, Competition"
"【北區、國立】
國立清華大學",藝術與設計學系設計組,特殊選才,"特殊才能
不同教育資歷：
1.境外臺生
2.新住民及其子女
3.經濟弱勢學生
4.實驗教育學生
5.持境外學歷報考且同時持國外具公信力之入學用大型測驗成績者
6.其他：
離島、偏遠地區",3,"一、初試：資料審查，審查指定繳交資料。
二、複試：口試為主。","【簡章公告】2025/9/9  
【報名日期】2025/10/08 ~ 2025/10/14
【考試日期】2025/11/21 ~ 2025/11/21
【放榜日期】2025/12/12","聯絡人：藝設系辦公室陳小姐
聯絡電話：03-5715131轉72901","簡章網址 ( https://adms.site.nthu.edu.tw/p/406-1207-294938,r1132.php?Lang=zh-tw )
藝術與設計學系 ( https://artdesign.nthu.edu.tw/ )
清華大學招生專區 ( https://adms.site.nthu.edu.tw/ )",【備註】因應未來趨勢，本系設計組整合智能科技與數位應用於設計專業，注重跨領域學習與國際交流，輔導學生進入產業實習，以培育符合社會需求之設計人才。,北區、國立,國立清華大學,新竹,Hsinchu,審查 Document Review / 口試 Interview,"Hsinchu, 新竹, NTHU, National Tsing Hua University, Arts, Design, Music, Drama, Film, Animation, Document Review, Portfolio, Interview, Oral Test, Experimental Education, Homeschooling, Self-taught, Overseas Student, Bilingual, International, Special Talent, Contest Winner, Competition"
"【北區、國立】
國立清華大學",藝術學院學士班,特殊選才,"特殊才能
不同教育資歷：
1.境外臺生
2.新住民及其子女
3.經濟弱勢學生
4.實驗教育學生
5.持境外學歷報考且同時持國外具公信力之入學用大型測驗成績者
6.其他：
離島、偏遠地區",2,"一、初試：資料審查，審查指定繳交資料。
二、複試：口試為主。","【簡章公告】2025/9/9  
【報名日期】2025/10/08 ~ 2025/10/14
【考試日期】2025/11/13 ~ 2025/11/13
【放榜日期】2025/12/12","聯絡人：藝術學院學士班辦公室
聯絡電話：03-5715131轉78802","簡章網址 ( https://adms.site.nthu.edu.tw/p/406-1207-294938,r1132.php?Lang=zh-tw )
藝術學院學士班 ( https://ipta.nthu.edu.tw/ )
清華大學招生專區 ( https://adms.site.nthu.edu.tw/ )",【備註】本招生管道僅招收「科技藝術組」，具備跨領域特性，招收具藝術、數位設計、創意思維，或具有數理創意思維且熱愛數位媒體創作或創新實驗科技的學生，兩種專長互相激撞學習，包含科技藝術創作，如虛擬藝術、人工生命、仿生藝術、生物藝術、聲音(響)藝術、互動藝術、動力藝術、網路藝術，結合創新科技應用。本學士班科技藝術組旨在培育臺灣科技藝術跨域之專業創作與研究人才。課程設計兼顧跨領域與多專長，本班不分流。,北區、國立,國立清華大學,新竹,Hsinchu,審查 Document Review / 口試 Interview,"Hsinchu, 新竹, NTHU, National Tsing Hua University, Arts, Design, Music, Drama, Film, Animation, Document Review, Portfolio, Interview, Oral Test, Experimental Education, Homeschooling, Self-taught, Overseas Student, Bilingual, International, Special Talent, Contest Winner, Competition"
"【北區、國立】
國立陽明交通大學",人文社會學系,特殊選才,"特殊才能
不同教育資歷：
1.境外臺生
2.新住民及其子女
3.經濟弱勢學生
4.實驗教育學生
5.持境外學歷報考且同時持國外具公信力之入學用大型測驗成績者",3,"初試：根據考生繳交之資料做全面性審查，依初試成績擇優通知參加複試。
複試：筆試及面試，缺考者不予錄取。","【簡章公告】2025/9/23 
【報名日期】2025/10/13 ~ 2025/10/20
【考試日期】2025/12/17 ~ 2025/12/17
【放榜日期】2026/1/9","聯絡人：鄧小姐
聯絡電話：03-5131394",簡章網址 ( https://exam.nycu.edu.tw/ ),nan,北區、國立,國立陽明交通大學,新竹/台北,Hsinchu / Taipei,審查 Document Review / 口試 Interview / 筆試/實作 Written/Practical,"Hsinchu, Taipei, 新竹/台北, NYCU, National Yang Ming Chiao Tung University, Social Sciences, Psychology, Communication, History, Philosophy, Document Review, Portfolio, Interview, Oral Test, Written Test, Practical Exam, Experimental Education, Homeschooling, Self-taught, Overseas Student, Bilingual, International, Special Talent, Contest Winner, Competition"
"【北區、國立】
國立陽明交通大學",工業工程與管理學系,特殊選才,"特殊才能
不同教育資歷：
1.境外臺生
2.新住民及其子女
3.經濟弱勢學生
4.實驗教育學生
5.持境外學歷報考且同時持國外具公信力之入學用大型測驗成績者",1,"初試：根據考生繳交之資料做全面性審查，依初試成績擇優通知參加複試。
複試：面試，缺考者不予錄取。","【簡章公告】2025/9/23 
【報名日期】2025/10/13 ~ 2025/10/20
【考試日期】2025/12/17 ~ 2025/12/17
【放榜日期】2026/1/9","聯絡人：林小姐
聯絡電話：03-5712121轉分機31328",簡章網址 ( https://exam.nycu.edu.tw/ ),nan,北區、國立,國立陽明交通大學,新竹/台北,Hsinchu / Taipei,審查 Document Review / 口試 Interview,"Hsinchu, Taipei, 新竹/台北, NYCU, National Yang Ming Chiao Tung University, Business, Management, Economics, Finance, Document Review, Portfolio, Interview, Oral Test, Experimental Education, Homeschooling, Self-taught, Overseas Student, Bilingual, International, Special Talent, Contest Winner, Competition"
"【北區、國立】
國立陽明交通大學",生命科學系暨基因體科學研究所,特殊選才,"特殊才能
不同教育資歷：
1.境外臺生
2.新住民及其子女
3.經濟弱勢學生
4.實驗教育學生
5.持境外學歷報考且同時持國外具公信力之入學用大型測驗成績者",3,"採初複試二階段辦理。初試為書面資料審查，通過初試者始得參加複試。複試為口試，以篩選對生醫科研有一定認知程度及堅定信念者。
初試：根據考生繳交之資料做全面性審查，依初試成績擇優通知參加複試。
複試：面試，缺考者不予錄取。","【簡章公告】2025/9/23 
【報名日期】2025/10/13 ~ 2025/10/20
【考試日期】2025/12/16 ~ 2025/12/16
【放榜日期】2026/1/9","聯絡人：歐小姐
聯絡電話：(02)2826-7000分機65131",簡章網址 ( https://exam.nycu.edu.tw/ ),nan,北區、國立,國立陽明交通大學,新竹/台北,Hsinchu / Taipei,審查 Document Review / 口試 Interview,"Hsinchu, Taipei, 新竹/台北, NYCU, National Yang Ming Chiao Tung University, Biology, Bio, Life Science, Agriculture, Document Review, Portfolio, Interview, Oral Test, Experimental Education, Homeschooling, Self-taught, Overseas Student, Bilingual, International, Special Talent, Contest Winner, Competition"
"【北區、國立】
國立陽明交通大學",百川學士學位學程,特殊選才,"特殊才能
不同教育資歷：
1.境外臺生
2.新住民及其子女
3.經濟弱勢學生
4.實驗教育學生
5.持境外學歷報考且同時持國外具公信力之入學用大型測驗成績者",30,"初試：根據考生繳交之資料做全面性審查，依初試成績擇優通知參加複試。
複試：筆試及面試，缺考者不予錄取。","【簡章公告】2025/9/23 
【報名日期】2025/10/13 ~ 2025/10/20
【考試日期】2025/12/13 ~ 2025/12/13
【放榜日期】2026/1/9","聯絡人：王小姐
聯絡電話：(03)571-2121分機50181",簡章網址 ( https://exam.nycu.edu.tw/ ),nan,北區、國立,國立陽明交通大學,新竹/台北,Hsinchu / Taipei,審查 Document Review / 口試 Interview / 筆試/實作 Written/Practical,"Hsinchu, Taipei, 新竹/台北, NYCU, National Yang Ming Chiao Tung University, Interdisciplinary, Cross-disciplinary, General Program, Multidisciplinary, Document Review, Portfolio, Interview, Oral Test, Written Test, Practical Exam, Experimental Education, Homeschooling, Self-taught, Overseas Student, Bilingual, International, Special Talent, Contest Winner, Competition"
"【北區、國立】
國立陽明交通大學",資訊工程學系,特殊選才,"特殊才能
不同教育資歷：
1.境外臺生
2.新住民及其子女
3.經濟弱勢學生
4.實驗教育學生
5.持境外學歷報考且同時持國外具公信力之入學用大型測驗成績者",10,"初試：根據考生繳交之資料做全面性審查，依初試成績擇優通知參加複試。
複試：面試，缺考者不予錄取。","【簡章公告】2025/9/23 
【報名日期】2025/10/13 ~ 2025/10/20
【考試日期】2025/12/23 ~ 2025/12/23
【放榜日期】2026/1/9","聯絡人：陳小姐
聯絡電話：(03)571-2121分機56606",簡章網址 ( https://exam.nycu.edu.tw/ ),nan,北區、國立,國立陽明交通大學,新竹/台北,Hsinchu / Taipei,審查 Document Review / 口試 Interview,"Hsinchu, Taipei, 新竹/台北, NYCU, National Yang Ming Chiao Tung University, CS, Computer Science, IT, Software, AI, Document Review, Portfolio, Interview, Oral Test, Experimental Education, Homeschooling, Self-taught, Overseas Student, Bilingual, International, Special Talent, Contest Winner, Competition"
"【北區、國立】
國立陽明交通大學",電機工程學系,特殊選才,"特殊才能
不同教育資歷：
1.境外臺生
2.新住民及其子女
3.經濟弱勢學生
4.實驗教育學生
5.持境外學歷報考且同時持國外具公信力之入學用大型測驗成績者",7,"初試：根據考生繳交之資料做全面性審查，依初試成績擇優通知參加複試。
複試：面試，缺考者不予錄取。","【簡章公告】2025/9/23 
【報名日期】2025/10/13 ~ 2025/10/20
【考試日期】2025/12/18 ~ 2025/12/18
【放榜日期】2026/1/9","聯絡人：蔡小姐
聯絡電話：(03)571-2121分機54071",簡章網址 ( https://exam.nycu.edu.tw/ ),nan,北區、國立,國立陽明交通大學,新竹/台北,Hsinchu / Taipei,審查 Document Review / 口試 Interview,"Hsinchu, Taipei, 新竹/台北, NYCU, National Yang Ming Chiao Tung University, EE, Electrical Engineering, Electronics, Document Review, Portfolio, Interview, Oral Test, Experimental Education, Homeschooling, Self-taught, Overseas Student, Bilingual, International, Special Talent, Contest Winner, Competition"
"【北區、國立】
國立陽明交通大學",應用數學系,特殊選才,"特殊才能
不同教育資歷：
1.境外臺生
2.新住民及其子女
3.經濟弱勢學生
4.實驗教育學生
5.持境外學歷報考且同時持國外具公信力之入學用大型測驗成績者",1,"初試：根據考生繳交之資料做全面性審查，依初試成績擇優通知參加複試。
複試：筆試及面試，缺考者不予錄取。","【簡章公告】2025/9/23 
【報名日期】2025/10/13 ~ 2025/10/20
【考試日期】2025/12/16 ~ 2025/12/16
【放榜日期】2026/1/9","聯絡人：鄭小姐
聯絡電話：(03)571-2121分機56457",簡章網址 ( https://exam.nycu.edu.tw/ ),nan,北區、國立,國立陽明交通大學,新竹/台北,Hsinchu / Taipei,審查 Document Review / 口試 Interview / 筆試/實作 Written/Practical,"Hsinchu, Taipei, 新竹/台北, NYCU, National Yang Ming Chiao Tung University, Math, Statistics, Data Science, Document Review, Portfolio, Interview, Oral Test, Written Test, Practical Exam, Experimental Education, Homeschooling, Self-taught, Overseas Student, Bilingual, International, Special Talent, Contest Winner, Competition"
"【北區、國立】
國立中央大學",土木工程學系,特殊選才,"特殊才能
不同教育資歷：
1.境外臺生
2.新住民及其子女
3.經濟弱勢學生
4.實驗教育學生
5.持境外學歷報考且同時持國外具公信力之入學用大型測驗成績者",1,"1.初試：資料審查
2.複試：口試","【簡章公告】2025/9/11 
【報名日期】2025/10/03 ~ 2025/10/08
【考試日期】2025/11/13 ~ 2025/11/13
【放榜日期】2025/11/24","聯絡人：王美萍
聯絡電話：03-4227151#34076","簡章網址 ( https://admission.ncu.edu.tw/ )
國立中央大學土木工程學系 ( http://www.cv.ncu.edu.tw/ )",【備註】詳細日程請以簡章公告為主,北區、國立,國立中央大學,桃園,Taoyuan,審查 Document Review / 口試 Interview,"Taoyuan, 桃園, NCU, National Central University, Document Review, Portfolio, Interview, Oral Test, Experimental Education, Homeschooling, Self-taught, Overseas Student, Bilingual, International, Special Talent, Contest Winner, Competition"
"【北區、國立】
國立中央大學",大氣科學學系,特殊選才,"特殊才能
不同教育資歷：
1.境外臺生
2.新住民及其子女
3.實驗教育學生
4.持境外學歷報考且同時持國外具公信力之入學用大型測驗成績者",1,"1.初試：資料審查
2.複試：口試","【簡章公告】2025/9/11 
【報名日期】2025/10/03 ~ 2025/10/08
【考試日期】2025/11/04 ~ 2025/11/04
【放榜日期】2025/11/24","聯絡人：范子璿
聯絡電話：03-4227151#65501","簡章網址 ( https://admission.ncu.edu.tw/ )
國立中央大學大氣科學學系 ( http://www.atm.ncu.edu.tw )",【備註】詳細日程請以簡章公告為主,北區、國立,國立中央大學,桃園,Taoyuan,審查 Document Review / 口試 Interview,"Taoyuan, 桃園, NCU, National Central University, Physics, Atmosphere, Earth Science, Document Review, Portfolio, Interview, Oral Test, Experimental Education, Homeschooling, Self-taught, Overseas Student, Bilingual, International, Special Talent, Contest Winner, Competition"
"【北區、國立】
國立中央大學",工學院學士班,特殊選才,"特殊才能
不同教育資歷：
1.境外臺生
2.實驗教育學生
3.持境外學歷報考且同時持國外具公信力之入學用大型測驗成績者",1,"1.初試：資料審查
2.複試：口試","【簡章公告】2025/9/11 
【報名日期】2025/10/03 ~ 2025/10/08
【考試日期】2025/11/04 ~ 2025/11/04
【放榜日期】2025/11/24","聯絡人：彭鈺婷
聯絡電話：03-4227151#34008","簡章網址 ( https://admission.ncu.edu.tw/ )
國立中央大學工學院學士班 ( https://ipe.ec.ncu.edu.tw/ )",【備註】詳細日程請以簡章公告為主,北區、國立,國立中央大學,桃園,Taoyuan,審查 Document Review / 口試 Interview,"Taoyuan, 桃園, NCU, National Central University, Document Review, Portfolio, Interview, Oral Test, Experimental Education, Homeschooling, Self-taught, Overseas Student, Bilingual, International, Special Talent, Contest Winner, Competition"
"【北區、國立】
國立中央大學",中國文學系,特殊選才,"特殊才能
不同教育資歷：
1.境外臺生
2.新住民及其子女
3.經濟弱勢學生
4.實驗教育學生
5.持境外學歷報考且同時持國外具公信力之入學用大型測驗成績者",2,"1.初試：資料審查
2.複試：口試","【簡章公告】2025/9/11 
【報名日期】2025/10/03 ~ 2025/10/08
【考試日期】2025/11/11 ~ 2025/11/11
【放榜日期】2025/11/24","聯絡人：黃卉雯
聯絡電話：03-4227151#33100","簡章網址 ( https://admission.ncu.edu.tw/ )
國立中央大學中國文學系 ( http://www.chinese.ncu.edu.tw/?locale=zh_tw )",【備註】詳細日程請以簡章公告為主,北區、國立,國立中央大學,桃園,Taoyuan,審查 Document Review / 口試 Interview,"Taoyuan, 桃園, NCU, National Central University, Document Review, Portfolio, Interview, Oral Test, Experimental Education, Homeschooling, Self-taught, Overseas Student, Bilingual, International, Special Talent, Contest Winner, Competition"
"【北區、國立】
國立中央大學",太空科學與工程學系,特殊選才,"特殊才能
不同教育資歷：
1.境外臺生
2.新住民及其子女
3.實驗教育學生
4.持境外學歷報考且同時持國外具公信力之入學用大型測驗成績者",1,"1.初試：資料審查
2.複試：口試","【簡章公告】2025/9/11 
【報名日期】2025/10/03 ~ 2025/10/08
【考試日期】2025/11/06 ~ 2025/11/06
【放榜日期】2025/11/24","聯絡人：彭莉雅
聯絡電話：03-4227151#65751","簡章網址 ( https://admission.ncu.edu.tw/ )
國立中央大學太空科學與工程學系 ( http://www.ss.ncu.edu.tw/ )
國立中央大學太空科學與工程學系 ( https://www.facebook.com/NCU.SPACE )",【備註】詳細日程請以簡章公告為主,北區、國立,國立中央大學,桃園,Taoyuan,審查 Document Review / 口試 Interview,"Taoyuan, 桃園, NCU, National Central University, Document Review, Portfolio, Interview, Oral Test, Experimental Education, Homeschooling, Self-taught, Overseas Student, Bilingual, International, Special Talent, Contest Winner, Competition"
"【北區、國立】
國立中央大學",文學院學士班,特殊選才,"特殊才能
不同教育資歷：
1.境外臺生
2.新住民及其子女
3.經濟弱勢學生
4.實驗教育學生
5.持境外學歷報考且同時持國外具公信力之入學用大型測驗成績者",3,"1.初試：資料審查
2.複試：口試","【簡章公告】2025/9/11 
【報名日期】2025/10/03 ~ 2025/10/08
【考試日期】2025/11/07 ~ 2025/11/07
【放榜日期】2025/11/24","聯絡人：嚴守賢
聯絡電話：03-4227151#33030","簡章網址 ( https://admission.ncu.edu.tw/ )
國立中央大學文學院學士班 ( http://ipla.ncu.edu.tw/ )",【備註】詳細日程請以簡章公告為主,北區、國立,國立中央大學,桃園,Taoyuan,審查 Document Review / 口試 Interview,"Taoyuan, 桃園, NCU, National Central University, Document Review, Portfolio, Interview, Oral Test, Experimental Education, Homeschooling, Self-taught, Overseas Student, Bilingual, International, Special Talent, Contest Winner, Competition"
"【北區、國立】
國立中央大學",生命科學系,特殊選才,"特殊才能
不同教育資歷：
1.境外臺生
2.新住民及其子女
3.實驗教育學生
4.持境外學歷報考且同時持國外具公信力之入學用大型測驗成績者",2,"1.初試：資料審查
2.複試：口試","【簡章公告】2025/9/11 
【報名日期】2025/10/03 ~ 2025/10/08
【考試日期】2025/11/07 ~ 2025/11/07
【放榜日期】2025/11/24","聯絡人：葉如芳
聯絡電話：03-4227151#65059","簡章網址 ( https://admission.ncu.edu.tw/ )
國立中央大學生命科學系 ( https://nculs.in.ncu.edu.tw/ )
粉絲團:中央生命科學系 ( https://www.facebook.com/%E4%B8%AD%E5%A4%AE%E7%94%9F%E5%91%BD%E7%A7%91%E5%AD%B8%E7%B3%BB-549330675542135/?ref=bookmarks )",【備註】詳細日程請以簡章公告為主,北區、國立,國立中央大學,桃園,Taoyuan,審查 Document Review / 口試 Interview,"Taoyuan, 桃園, NCU, National Central University, Biology, Bio, Life Science, Agriculture, Document Review, Portfolio, Interview, Oral Test, Experimental Education, Homeschooling, Self-taught, Overseas Student, Bilingual, International, Special Talent, Contest Winner, Competition"
"【北區、國立】
國立中央大學",生醫科學與工程學系,特殊選才,"特殊才能
不同教育資歷：
1.境外臺生
2.新住民及其子女
3.經濟弱勢學生
4.實驗教育學生
5.持境外學歷報考且同時持國外具公信力之入學用大型測驗成績者",3,"1.初試：資料審查
2.複試：口試","【簡章公告】2025/9/11 
【報名日期】2025/10/03 ~ 2025/10/08
【考試日期】2025/11/11 ~ 2025/11/11
【放榜日期】2025/11/24","聯絡人：朱佩琪
聯絡電話：03-4227151#27733","簡章網址 ( https://admission.ncu.edu.tw/ )
國立中央大學生醫科學與工程學系 ( http://dbse.ncu.edu.tw/ )
FB:中央大學生醫科學與工程學系 ( https://www.facebook.com/dbse.ncu/ )",【備註】詳細日程請以簡章公告為主,北區、國立,國立中央大學,桃園,Taoyuan,審查 Document Review / 口試 Interview,"Taoyuan, 桃園, NCU, National Central University, Biology, Bio, Life Science, Agriculture, Document Review, Portfolio, Interview, Oral Test, Experimental Education, Homeschooling, Self-taught, Overseas Student, Bilingual, International, Special Talent, Contest Winner, Competition"
"【北區、國立】
國立中央大學",光電科學與工程學系,特殊選才,"特殊才能
不同教育資歷：
1.實驗教育學生
2.持境外學歷報考且同時持國外具公信力之入學用大型測驗成績者",1,"1.初試：資料審查
2.複試：口試","【簡章公告】2025/9/11 
【報名日期】2025/10/03 ~ 2025/10/08
【考試日期】2025/11/14 ~ 2025/11/14
【放榜日期】2025/11/24","聯絡人：彭曉均
聯絡電話：03-4227151#65261","簡章網址 ( https://admission.ncu.edu.tw/ )
國立中央大學光電科學與工程學系 ( http://www.dop.ncu.edu.tw )",【備註】詳細日程請以簡章公告為主,北區、國立,國立中央大學,桃園,Taoyuan,審查 Document Review / 口試 Interview,"Taoyuan, 桃園, NCU, National Central University, EE, Electrical Engineering, Electronics, Document Review, Portfolio, Interview, Oral Test, Experimental Education, Homeschooling, Self-taught, Overseas Student, Bilingual, International, Special Talent, Contest Winner, Competition"
"【北區、國立】
國立中央大學",地球科學學院學士班,特殊選才,"特殊才能
不同教育資歷：
1.境外臺生
2.新住民及其子女
3.經濟弱勢學生
4.實驗教育學生
5.持境外學歷報考且同時持國外具公信力之入學用大型測驗成績者",2,"1.初試：資料審查
2.複試：口試","【簡章公告】2025/9/11 
【報名日期】2025/10/03 ~ 2025/10/08
【考試日期】2025/10/31 ~ 2025/10/31
【放榜日期】2025/11/24","聯絡人：林玉淳
聯絡電話：03-4227151#25600","簡章網址 ( https://admission.ncu.edu.tw/ )
地科院學士班 ( https://ipess.ncu.edu.tw/ )",【備註】詳細日程請以簡章公告為主,北區、國立,國立中央大學,桃園,Taoyuan,審查 Document Review / 口試 Interview,"Taoyuan, 桃園, NCU, National Central University, Physics, Atmosphere, Earth Science, Document Review, Portfolio, Interview, Oral Test, Experimental Education, Homeschooling, Self-taught, Overseas Student, Bilingual, International, Special Talent, Contest Winner, Competition"
"【北區、國立】
國立中央大學",法國語文學系,特殊選才,"特殊才能
不同教育資歷：
1.境外臺生
2.實驗教育學生",1,"1.初試：資料審查
2.複試：口試","【簡章公告】2025/9/11 
【報名日期】2025/10/03 ~ 2025/10/08
【考試日期】2025/11/13 ~ 2025/11/13
【放榜日期】2025/11/24","聯絡人：隆宛庭
聯絡電話：03-4227151#33300","簡章網址 ( https://admission.ncu.edu.tw/ )
國立中央大學法國語文學系 ( http://french.ncu.edu.tw/ )",【備註】詳細日程請以簡章公告為主,北區、國立,國立中央大學,桃園,Taoyuan,審查 Document Review / 口試 Interview,"Taoyuan, 桃園, NCU, National Central University, Foreign Languages, English, Linguistics, Document Review, Portfolio, Interview, Oral Test, Experimental Education, Homeschooling, Self-taught, Overseas Student, Bilingual, International, Special Talent, Contest Winner, Competition"
"【北區、國立】
國立中央大學",物理學系,特殊選才,"特殊才能
不同教育資歷：
1.境外臺生
2.實驗教育學生",5,"1.初試：資料審查
2.複試：口試","【簡章公告】2025/9/11 
【報名日期】2025/10/03 ~ 2025/10/08
【考試日期】2025/10/30 ~ 2025/10/30
【放榜日期】2025/11/24","聯絡人：吳菁穗
聯絡電話：03-4227151#65300","簡章網址 ( https://admission.ncu.edu.tw/ )
國立中央大學物理學系 ( https://www.phy.ncu.edu.tw/ )
FB粉絲專頁：國立中央大學物理學系 ( https://www.facebook.com/NCUphy )",【備註】詳細日程請以簡章公告為主,北區、國立,國立中央大學,桃園,Taoyuan,審查 Document Review / 口試 Interview,"Taoyuan, 桃園, NCU, National Central University, Physics, Atmosphere, Earth Science, Document Review, Portfolio, Interview, Oral Test, Experimental Education, Homeschooling, Self-taught, Overseas Student, Bilingual, International, Special Talent, Contest Winner, Competition"
"【北區、國立】
國立中央大學",英美語文學系,特殊選才,"特殊才能
不同教育資歷：
1.實驗教育學生",5,"1.初試：資料審查
2.複試：口試","【簡章公告】2025/9/11 
【報名日期】2025/10/03 ~ 2025/10/08
【考試日期】2025/11/07 ~ 2025/11/07
【放榜日期】2025/11/24","聯絡人：葉助教
聯絡電話：03-4273763","簡章網址 ( https://admission.ncu.edu.tw/ )
國立中央大學英美語文學系 ( http://english.ncu.edu.tw/ )",【備註】詳細日程請以簡章公告為主,北區、國立,國立中央大學,桃園,Taoyuan,審查 Document Review / 口試 Interview,"Taoyuan, 桃園, NCU, National Central University, Foreign Languages, English, Linguistics, Document Review, Portfolio, Interview, Oral Test, Experimental Education, Homeschooling, Self-taught, Special Talent, Contest Winner, Competition"
"【北區、國立】
國立中央大學",財務金融學系,特殊選才,"特殊才能
不同教育資歷：
1.境外臺生
2.實驗教育學生
3.持境外學歷報考且同時持國外具公信力之入學用大型測驗成績者",1,"1.初試：資料審查
2.複試：口試","【簡章公告】2025/9/11 
【報名日期】2025/10/03 ~ 2025/10/08
【考試日期】2025/11/04 ~ 2025/11/04
【放榜日期】2025/11/24","聯絡人：許心怡
聯絡電話：03-4227151#66250","簡章網址 ( https://admission.ncu.edu.tw/ )
國立中央大學財務金融學系 ( http://fm.mgt.ncu.edu.tw/ )",【備註】詳細日程請以簡章公告為主,北區、國立,國立中央大學,桃園,Taoyuan,審查 Document Review / 口試 Interview,"Taoyuan, 桃園, NCU, National Central University, Business, Management, Economics, Finance, Document Review, Portfolio, Interview, Oral Test, Experimental Education, Homeschooling, Self-taught, Overseas Student, Bilingual, International, Special Talent, Contest Winner, Competition"
"【北區、國立】
國立中央大學",通訊工程學系,特殊選才,"特殊才能
不同教育資歷：
1.實驗教育學生
2.持境外學歷報考且同時持國外具公信力之入學用大型測驗成績者",1,"1.初試：資料審查
2.複試：口試","【簡章公告】2025/9/11 
【報名日期】2025/10/03 ~ 2025/10/08
【考試日期】2025/11/06 ~ 2025/11/06
【放榜日期】2025/11/24","聯絡人：王筠嵐
聯絡電話：03-4227151#35500~35505","簡章網址 ( https://admission.ncu.edu.tw/ )
國立中央大學通訊工程學系 ( https://www.ce.ncu.edu.tw )",【備註】詳細日程請以簡章公告為主,北區、國立,國立中央大學,桃園,Taoyuan,審查 Document Review / 口試 Interview,"Taoyuan, 桃園, NCU, National Central University, Document Review, Portfolio, Interview, Oral Test, Experimental Education, Homeschooling, Self-taught, Overseas Student, Bilingual, International, Special Talent, Contest Winner, Competition"
"【北區、國立】
國立中央大學",經濟學系,特殊選才,"特殊才能
不同教育資歷：
1.境外臺生
2.實驗教育學生
3.持境外學歷報考且同時持國外具公信力之入學用大型測驗成績者",1,"1.初試：資料審查
2.複試：口試","【簡章公告】2025/9/11 
【報名日期】2025/10/03 ~ 2025/10/08
【考試日期】2025/11/11 ~ 2025/11/11
【放榜日期】2025/11/24","聯絡人：陳厚琪
聯絡電話：03-4226903","簡章網址 ( https://admission.ncu.edu.tw/ )
國立中央大學經濟學系 ( http://ec.mgt.ncu.edu.tw/index/main.php )",【備註】詳細日程請以簡章公告為主,北區、國立,國立中央大學,桃園,Taoyuan,審查 Document Review / 口試 Interview,"Taoyuan, 桃園, NCU, National Central University, Business, Management, Economics, Finance, Document Review, Portfolio, Interview, Oral Test, Experimental Education, Homeschooling, Self-taught, Overseas Student, Bilingual, International, Special Talent, Contest Winner, Competition"
"【北區、國立】
國立中央大學",資訊管理學系,特殊選才,"特殊才能
不同教育資歷：
1.境外臺生
2.新住民及其子女
3.經濟弱勢學生
4.實驗教育學生
5.持境外學歷報考且同時持國外具公信力之入學用大型測驗成績者",1,"1.初試：資料審查
2.複試：口試","【簡章公告】2025/9/11 
【報名日期】2025/10/03 ~ 2025/10/08
【考試日期】2025/11/04 ~ 2025/11/04
【放榜日期】2025/11/24","聯絡人：辛宛真
聯絡電話：03-4227151#66500","簡章網址 ( https://admission.ncu.edu.tw/ )
國立中央大學資訊管理學系 ( https://im.mgt.ncu.edu.tw/ )",【備註】詳細日程請以簡章公告為主,北區、國立,國立中央大學,桃園,Taoyuan,審查 Document Review / 口試 Interview,"Taoyuan, 桃園, NCU, National Central University, CS, Computer Science, IT, Software, AI, Business, Management, Economics, Finance, Document Review, Portfolio, Interview, Oral Test, Experimental Education, Homeschooling, Self-taught, Overseas Student, Bilingual, International, Special Talent, Contest Winner, Competition"
"【北區、國立】
國立中央大學",電機工程學系,特殊選才,"特殊才能
不同教育資歷：
1.經濟弱勢學生
2.實驗教育學生
3.持境外學歷報考且同時持國外具公信力之入學用大型測驗成績者",1,"1.初試：資料審查
2.複試：口試","【簡章公告】2025/9/11 
【報名日期】2025/10/03 ~ 2025/10/08
【考試日期】2025/11/07 ~ 2025/11/07
【放榜日期】2025/11/24","聯絡人：何清美
聯絡電話：03-4227151#34567","簡章網址 ( https://admission.ncu.edu.tw/ )
國立中央大學電機工程學系 ( http://www.ee.ncu.edu.tw )",【備註】詳細日程請以簡章公告為主,北區、國立,國立中央大學,桃園,Taoyuan,審查 Document Review / 口試 Interview,"Taoyuan, 桃園, NCU, National Central University, EE, Electrical Engineering, Electronics, Document Review, Portfolio, Interview, Oral Test, Experimental Education, Homeschooling, Self-taught, Overseas Student, Bilingual, International, Special Talent, Contest Winner, Competition"
"【北區、國立】
國立中央大學",數學系數學科學組,特殊選才,"特殊才能
不同教育資歷：
1.境外臺生
2.實驗教育學生
3.持境外學歷報考且同時持國外具公信力之入學用大型測驗成績者",2,"1.初試：資料審查
2.複試：口試","【簡章公告】2025/9/11 
【報名日期】2025/10/03 ~ 2025/10/08
【考試日期】2025/11/07 ~ 2025/11/07
【放榜日期】2025/11/24","聯絡人：賈玉珊
聯絡電話：03-4227151#65117","簡章網址 ( https://admission.ncu.edu.tw/ )
國立中央大學數學系 ( http://www.math.ncu.edu.tw )",【備註】詳細日程請以簡章公告為主,北區、國立,國立中央大學,桃園,Taoyuan,審查 Document Review / 口試 Interview,"Taoyuan, 桃園, NCU, National Central University, Math, Statistics, Data Science, Document Review, Portfolio, Interview, Oral Test, Experimental Education, Homeschooling, Self-taught, Overseas Student, Bilingual, International, Special Talent, Contest Winner, Competition"
"【北區、國立】
國立中央大學",數學系計算與資料科學組,特殊選才,"特殊才能
不同教育資歷：
1.境外臺生
2.實驗教育學生
3.持境外學歷報考且同時持國外具公信力之入學用大型測驗成績者",2,"1.初試：資料審查
2.複試：口試","【簡章公告】2025/9/11 
【報名日期】2025/10/03 ~ 2025/10/08
【考試日期】2025/11/07 ~ 2025/11/07
【放榜日期】2025/11/24","聯絡人：賈玉珊
聯絡電話：03-4227151#65117","簡章網址 ( https://admission.ncu.edu.tw/ )
國立中央大學數學系 ( http://www.math.ncu.edu.tw )",【備註】詳細日程請以簡章公告為主,北區、國立,國立中央大學,桃園,Taoyuan,審查 Document Review / 口試 Interview,"Taoyuan, 桃園, NCU, National Central University, Math, Statistics, Data Science, Document Review, Portfolio, Interview, Oral Test, Experimental Education, Homeschooling, Self-taught, Overseas Student, Bilingual, International, Special Talent, Contest Winner, Competition"
"【北區、國立】
國立中央大學",機械工程學系光機電工程組,特殊選才,"特殊才能
不同教育資歷：
1.境外臺生
2.新住民及其子女
3.經濟弱勢學生
4.實驗教育學生",1,"1.初試：資料審查
2.複試：口試","【簡章公告】2025/9/11 
【報名日期】2025/10/03 ~ 2025/10/08
【考試日期】2025/11/11 ~ 2025/11/11
【放榜日期】2025/11/24","聯絡人：林小姐
聯絡電話：03-4267320","簡章網址 ( https://admission.ncu.edu.tw/ )
國立中央大學機械工程學系 ( https://www.me.ncu.edu.tw/ )",【備註】詳細日程請以簡章公告為主,北區、國立,國立中央大學,桃園,Taoyuan,審查 Document Review / 口試 Interview,"Taoyuan, 桃園, NCU, National Central University, Document Review, Portfolio, Interview, Oral Test, Experimental Education, Homeschooling, Self-taught, Overseas Student, Bilingual, International, Special Talent, Contest Winner, Competition"
"【北區、國立】
國立中央大學",機械工程學系先進材料與精密製造組,特殊選才,"特殊才能
不同教育資歷：
1.境外臺生
2.新住民及其子女
3.經濟弱勢學生
4.實驗教育學生",1,"1.初試：資料審查
2.複試：口試","【簡章公告】2025/9/11 
【報名日期】2025/10/03 ~ 2025/10/08
【考試日期】2025/11/11 ~ 2025/11/11
【放榜日期】2025/11/24","聯絡人：林小姐
聯絡電話：03-4267320","簡章網址 ( https://admission.ncu.edu.tw/ )
國立中央大學機械工程學系 ( https://www.me.ncu.edu.tw/ )",【備註】詳細日程請以簡章公告為主,北區、國立,國立中央大學,桃園,Taoyuan,審查 Document Review / 口試 Interview,"Taoyuan, 桃園, NCU, National Central University, Document Review, Portfolio, Interview, Oral Test, Experimental Education, Homeschooling, Self-taught, Overseas Student, Bilingual, International, Special Talent, Contest Winner, Competition"
"【北區、國立】
國立中央大學",機械工程學系智慧系統與永續能源組,特殊選才,"特殊才能
不同教育資歷：
1.境外臺生
2.新住民及其子女
3.經濟弱勢學生
4.實驗教育學生",1,"1.初試：資料審查
2.複試：口試","【簡章公告】2025/9/11 
【報名日期】2025/10/03 ~ 2025/10/08
【考試日期】2025/11/11 ~ 2025/11/11
【放榜日期】2025/11/24","聯絡人：林小姐
聯絡電話：03-4267320","簡章網址 ( https://admission.ncu.edu.tw/ )
國立中央大學機械工程學系 ( https://www.me.ncu.edu.tw/ )",【備註】詳細日程請以簡章公告為主,北區、國立,國立中央大學,桃園,Taoyuan,審查 Document Review / 口試 Interview,"Taoyuan, 桃園, NCU, National Central University, Document Review, Portfolio, Interview, Oral Test, Experimental Education, Homeschooling, Self-taught, Overseas Student, Bilingual, International, Special Talent, Contest Winner, Competition"
"【北區、國立】
國立臺灣海洋大學",水產養殖學系,特殊選才,"特殊才能
不同教育資歷：
1.境外臺生
2.新住民及其子女
3.經濟弱勢學生
4.實驗教育學生
5.持境外學歷報考且同時持國外具公信力之入學用大型測驗成績者",3,"1.初試：書面審查(依書面審查成績，擇優參與面試)
2.複試：面試","【簡章公告】2025/10/02
【報名日期】2025/10/22 ~ 2025/11/07
【考試日期】2025/12/05 ~ 2025/12/05
【放榜日期】2025/12/19","聯絡人：鄭詠心
聯絡電話：02-24622192#1027",簡章網址 ( https://admission.ntou.edu.tw ),【備註】1.本校正在尋找海洋傳奇人才，歡迎優秀且「符合學系相關特殊才能」考生報名。<br />2.報名費部分，低收入戶免費、中低收入戶減免百分之六十，歡迎報名。<br />3.每系不同教育資歷學生優先錄取至多1名，歡迎「符合學系相關特殊才能」且具「不同教育資歷學生」報名。(優先錄取規定，請參閱簡章)。<br />4.面試補助：提供初試通過至本校面試，且符合離島、弱勢、境外臺生者，得申請面試交通費及住宿費補助。,北區、國立,國立臺灣海洋大學,基隆,Keelung,審查 Document Review / 口試 Interview,"Keelung, 基隆, NTOU, National Taiwan Ocean University, Document Review, Portfolio, Interview, Oral Test, Experimental Education, Homeschooling, Self-taught, Overseas Student, Bilingual, International, Special Talent, Contest Winner, Competition"
"【北區、國立】
國立臺灣海洋大學",生命科學暨生物科技學系,特殊選才,"特殊才能
不同教育資歷：
1.境外臺生
2.新住民及其子女
3.經濟弱勢學生
4.實驗教育學生
5.持境外學歷報考且同時持國外具公信力之入學用大型測驗成績者",2,"1.初試：書面審查(依書面審查成績，擇優參與面試)
2.複試：面試","【簡章公告】2025/10/02
【報名日期】2025/10/22 ~ 2025/11/07
【考試日期】2025/12/05 ~ 2025/12/05
【放榜日期】2025/12/19","聯絡人：鄭詠心
聯絡電話：02-24622192#1027",簡章網址 ( https://admission.ntou.edu.tw ),【備註】1.本校正在尋找海洋傳奇人才，歡迎優秀且「符合學系相關特殊才能」考生報名。<br />2.報名費部分，低收入戶免費、中低收入戶減免百分之六十，歡迎報名。<br />3.每系不同教育資歷學生優先錄取至多1名，歡迎「符合學系相關特殊才能」且具「不同教育資歷學生」報名。(優先錄取規定，請參閱簡章)。<br />4.面試補助：提供初試通過至本校面試，且符合離島、弱勢、境外臺生者，得申請面試交通費及住宿費補助。,北區、國立,國立臺灣海洋大學,基隆,Keelung,審查 Document Review / 口試 Interview,"Keelung, 基隆, NTOU, National Taiwan Ocean University, Biology, Bio, Life Science, Agriculture, Document Review, Portfolio, Interview, Oral Test, Experimental Education, Homeschooling, Self-taught, Overseas Student, Bilingual, International, Special Talent, Contest Winner, Competition"
"【北區、國立】
國立臺灣海洋大學",光電與材料科技學系,特殊選才,"特殊才能
不同教育資歷：
1.境外臺生
2.新住民及其子女
3.經濟弱勢學生
4.實驗教育學生
5.持境外學歷報考且同時持國外具公信力之入學用大型測驗成績者",2,"1.初試：書面審查(依書面審查成績，擇優參與面試)
2.複試：面試","【簡章公告】2025/10/02
【報名日期】2025/10/22 ~ 2025/11/07
【考試日期】2025/12/05 ~ 2025/12/05
【放榜日期】2025/12/19","聯絡人：鄭詠心
聯絡電話：02-24622192#1027",簡章網址 ( https://admission.ntou.edu.tw ),【備註】1.本校正在尋找海洋傳奇人才，歡迎優秀且「符合學系相關特殊才能」考生報名。<br />2.報名費部分，低收入戶免費、中低收入戶減免百分之六十，歡迎報名。<br />3.每系不同教育資歷學生優先錄取至多1名，歡迎「符合學系相關特殊才能」且具「不同教育資歷學生」報名。(優先錄取規定，請參閱簡章)。<br />4.面試補助：提供初試通過至本校面試，且符合離島、弱勢、境外臺生者，得申請面試交通費及住宿費補助。,北區、國立,國立臺灣海洋大學,基隆,Keelung,審查 Document Review / 口試 Interview,"Keelung, 基隆, NTOU, National Taiwan Ocean University, EE, Electrical Engineering, Electronics, Document Review, Portfolio, Interview, Oral Test, Experimental Education, Homeschooling, Self-taught, Overseas Student, Bilingual, International, Special Talent, Contest Winner, Competition"
"【北區、國立】
國立臺灣海洋大學",系統工程暨造船學系,特殊選才,"特殊才能
不同教育資歷：
1.境外臺生
2.新住民及其子女
3.經濟弱勢學生
4.實驗教育學生
5.持境外學歷報考且同時持國外具公信力之入學用大型測驗成績者",2,"1.初試：書面審查(依書面審查成績，擇優參與面試)
2.複試：面試","【簡章公告】2025/10/02
【報名日期】2025/10/22 ~ 2025/11/07
【考試日期】2025/12/05 ~ 2025/12/05
【放榜日期】2025/12/19","聯絡人：鄭詠心
聯絡電話：02-24622192#1027",簡章網址 ( https://admission.ntou.edu.tw ),【備註】1.本校正在尋找海洋傳奇人才，歡迎優秀且「符合學系相關特殊才能」考生報名。<br />2.報名費部分，低收入戶免費、中低收入戶減免百分之六十，歡迎報名。<br />3.每系不同教育資歷學生優先錄取至多1名，歡迎「符合學系相關特殊才能」且具「不同教育資歷學生」報名。(優先錄取規定，請參閱簡章)。<br />4.面試補助：提供初試通過至本校面試，且符合離島、弱勢、境外臺生者，得申請面試交通費及住宿費補助。,北區、國立,國立臺灣海洋大學,基隆,Keelung,審查 Document Review / 口試 Interview,"Keelung, 基隆, NTOU, National Taiwan Ocean University, Document Review, Portfolio, Interview, Oral Test, Experimental Education, Homeschooling, Self-taught, Overseas Student, Bilingual, International, Special Talent, Contest Winner, Competition"
"【北區、國立】
國立臺灣海洋大學",河海工程學系,特殊選才,"特殊才能
不同教育資歷：
1.境外臺生
2.新住民及其子女
3.經濟弱勢學生
4.實驗教育學生
5.持境外學歷報考且同時持國外具公信力之入學用大型測驗成績者",2,"1.初試：書面審查(依書面審查成績，擇優參與面試)
2.複試：面試","【簡章公告】2025/10/02
【報名日期】2025/10/22 ~ 2025/11/07
【考試日期】2025/12/05 ~ 2025/12/05
【放榜日期】2025/12/19","聯絡人：鄭詠心
聯絡電話：02-24622192#1027",簡章網址 ( https://admission.ntou.edu.tw ),【備註】1.本校正在尋找海洋傳奇人才，歡迎優秀且「符合學系相關特殊才能」考生報名。<br />2.報名費部分，低收入戶免費、中低收入戶減免百分之六十，歡迎報名。<br />3.每系不同教育資歷學生優先錄取至多1名，歡迎「符合學系相關特殊才能」且具「不同教育資歷學生」報名。(優先錄取規定，請參閱簡章)。<br />4.面試補助：提供初試通過至本校面試，且符合離島、弱勢、境外臺生者，得申請面試交通費及住宿費補助。,北區、國立,國立臺灣海洋大學,基隆,Keelung,審查 Document Review / 口試 Interview,"Keelung, 基隆, NTOU, National Taiwan Ocean University, Document Review, Portfolio, Interview, Oral Test, Experimental Education, Homeschooling, Self-taught, Overseas Student, Bilingual, International, Special Talent, Contest Winner, Competition"
"【北區、國立】
國立臺灣海洋大學",食品科學系,特殊選才,"特殊才能
不同教育資歷：
1.境外臺生
2.新住民及其子女
3.經濟弱勢學生
4.實驗教育學生
5.持境外學歷報考且同時持國外具公信力之入學用大型測驗成績者",3,"1.初試：書面審查(依書面審查成績，擇優參與面試)
2.複試：面試","【簡章公告】2025/10/02
【報名日期】2025/10/22 ~ 2025/11/07
【考試日期】2025/12/05 ~ 2025/12/05
【放榜日期】2025/12/19","聯絡人：鄭詠心
聯絡電話：02-24622192#1027",簡章網址 ( https://admission.ntou.edu.tw ),【備註】1.本校正在尋找海洋傳奇人才，歡迎優秀且「符合學系相關特殊才能」考生報名。<br />2.報名費部分，低收入戶免費、中低收入戶減免百分之六十，歡迎報名。<br />3.每系不同教育資歷學生優先錄取至多1名，歡迎「符合學系相關特殊才能」且具「不同教育資歷學生」報名。(優先錄取規定，請參閱簡章)。<br />4.面試補助：提供初試通過至本校面試，且符合離島、弱勢、境外臺生者，得申請面試交通費及住宿費補助。,北區、國立,國立臺灣海洋大學,基隆,Keelung,審查 Document Review / 口試 Interview,"Keelung, 基隆, NTOU, National Taiwan Ocean University, Document Review, Portfolio, Interview, Oral Test, Experimental Education, Homeschooling, Self-taught, Overseas Student, Bilingual, International, Special Talent, Contest Winner, Competition"
"【北區、國立】
國立臺灣海洋大學",海洋工程科技學士學位學程,特殊選才,"特殊才能
不同教育資歷：
1.境外臺生
2.新住民及其子女
3.經濟弱勢學生
4.實驗教育學生
5.持境外學歷報考且同時持國外具公信力之入學用大型測驗成績者",2,"1.初試：書面審查(依書面審查成績，擇優參與面試)
2.複試：面試","【簡章公告】2025/10/02
【報名日期】2025/10/22 ~ 2025/11/07
【考試日期】2025/12/05 ~ 2025/12/05
【放榜日期】2025/12/19","聯絡人：鄭詠心
聯絡電話：02-24622192#1027",簡章網址 ( https://admission.ntou.edu.tw ),【備註】1.本校正在尋找海洋傳奇人才，歡迎優秀且「符合學系相關特殊才能」考生報名。<br />2.報名費部分，低收入戶免費、中低收入戶減免百分之六十，歡迎報名。<br />3.每系不同教育資歷學生優先錄取至多1名，歡迎「符合學系相關特殊才能」且具「不同教育資歷學生」報名。(優先錄取規定，請參閱簡章)。<br />4.面試補助：提供初試通過至本校面試，且符合離島、弱勢、境外臺生者，得申請面試交通費及住宿費補助。,北區、國立,國立臺灣海洋大學,基隆,Keelung,審查 Document Review / 口試 Interview,"Keelung, 基隆, NTOU, National Taiwan Ocean University, Interdisciplinary, Cross-disciplinary, General Program, Multidisciplinary, Document Review, Portfolio, Interview, Oral Test, Experimental Education, Homeschooling, Self-taught, Overseas Student, Bilingual, International, Special Talent, Contest Winner, Competition"
"【北區、國立】
國立臺灣海洋大學",海洋文創設計產業學士學位學程,特殊選才,"特殊才能
不同教育資歷：
1.境外臺生
2.新住民及其子女
3.經濟弱勢學生
4.實驗教育學生
5.持境外學歷報考且同時持國外具公信力之入學用大型測驗成績者",2,"1.初試：書面審查(依書面審查成績，擇優參與面試)
2.複試：面試","【簡章公告】2025/10/02
【報名日期】2025/10/22 ~ 2025/11/07
【考試日期】2025/12/05 ~ 2025/12/05
【放榜日期】2025/12/19","聯絡人：鄭詠心
聯絡電話：02-24622192#1027",簡章網址 ( https://admission.ntou.edu.tw ),【備註】1.本校正在尋找海洋傳奇人才，歡迎優秀且「符合學系相關特殊才能」考生報名。<br />2.報名費部分，低收入戶免費、中低收入戶減免百分之六十，歡迎報名。<br />3.每系不同教育資歷學生優先錄取至多1名，歡迎「符合學系相關特殊才能」且具「不同教育資歷學生」報名。(優先錄取規定，請參閱簡章)。<br />4.面試補助：提供初試通過至本校面試，且符合離島、弱勢、境外臺生者，得申請面試交通費及住宿費補助。,北區、國立,國立臺灣海洋大學,基隆,Keelung,審查 Document Review / 口試 Interview,"Keelung, 基隆, NTOU, National Taiwan Ocean University, Arts, Design, Music, Drama, Film, Animation, Interdisciplinary, Cross-disciplinary, General Program, Multidisciplinary, Document Review, Portfolio, Interview, Oral Test, Experimental Education, Homeschooling, Self-taught, Overseas Student, Bilingual, International, Special Talent, Contest Winner, Competition"
"【北區、國立】
國立臺灣海洋大學",海洋生物科技學士學位學程,特殊選才,"特殊才能
不同教育資歷：
1.境外臺生
2.新住民及其子女
3.經濟弱勢學生
4.實驗教育學生
5.持境外學歷報考且同時持國外具公信力之入學用大型測驗成績者",2,"1.初試：書面審查(依書面審查成績，擇優參與面試)
2.複試：面試","【簡章公告】2025/10/02
【報名日期】2025/10/22 ~ 2025/11/07
【考試日期】2025/12/05 ~ 2025/12/05
【放榜日期】2025/12/19","聯絡人：鄭詠心
聯絡電話：02-24622192#1027",簡章網址 ( https://admission.ntou.edu.tw ),【備註】1.本校正在尋找海洋傳奇人才，歡迎優秀且「符合學系相關特殊才能」考生報名。<br />2.報名費部分，低收入戶免費、中低收入戶減免百分之六十，歡迎報名。<br />3.每系不同教育資歷學生優先錄取至多1名，歡迎「符合學系相關特殊才能」且具「不同教育資歷學生」報名。(優先錄取規定，請參閱簡章)。<br />4.面試補助：提供初試通過至本校面試，且符合離島、弱勢、境外臺生者，得申請面試交通費及住宿費補助。,北區、國立,國立臺灣海洋大學,基隆,Keelung,審查 Document Review / 口試 Interview,"Keelung, 基隆, NTOU, National Taiwan Ocean University, Biology, Bio, Life Science, Agriculture, Interdisciplinary, Cross-disciplinary, General Program, Multidisciplinary, Document Review, Portfolio, Interview, Oral Test, Experimental Education, Homeschooling, Self-taught, Overseas Student, Bilingual, International, Special Talent, Contest Winner, Competition"
"【北區、國立】
國立臺灣海洋大學",海洋法政學士學位學程,特殊選才,"特殊才能
不同教育資歷：
1.境外臺生
2.新住民及其子女
3.經濟弱勢學生
4.實驗教育學生
5.持境外學歷報考且同時持國外具公信力之入學用大型測驗成績者",2,"1.初試：書面審查(依書面審查成績，擇優參與面試)
2.複試：面試","【簡章公告】2025/10/02
【報名日期】2025/10/22 ~ 2025/11/07
【考試日期】2025/12/05 ~ 2025/12/05
【放榜日期】2025/12/19","聯絡人：鄭詠心
聯絡電話：02-24622192#1027",簡章網址 ( https://admission.ntou.edu.tw ),【備註】1.本校正在尋找海洋傳奇人才，歡迎優秀且「符合學系相關特殊才能」考生報名。<br />2.報名費部分，低收入戶免費、中低收入戶減免百分之六十，歡迎報名。<br />3.每系不同教育資歷學生優先錄取至多1名，歡迎「符合學系相關特殊才能」且具「不同教育資歷學生」報名。(優先錄取規定，請參閱簡章)。<br />4.面試補助：提供初試通過至本校面試，且符合離島、弱勢、境外臺生者，得申請面試交通費及住宿費補助。,北區、國立,國立臺灣海洋大學,基隆,Keelung,審查 Document Review / 口試 Interview,"Keelung, 基隆, NTOU, National Taiwan Ocean University, Interdisciplinary, Cross-disciplinary, General Program, Multidisciplinary, Document Review, Portfolio, Interview, Oral Test, Experimental Education, Homeschooling, Self-taught, Overseas Student, Bilingual, International, Special Talent, Contest Winner, Competition"
"【北區、國立】
國立臺灣海洋大學",海洋經營管理學士學位學程,特殊選才,"特殊才能
不同教育資歷：
1.境外臺生
2.新住民及其子女
3.經濟弱勢學生
4.實驗教育學生
5.持境外學歷報考且同時持國外具公信力之入學用大型測驗成績者",2,"1.初試：書面審查(依書面審查成績，擇優參與面試)
2.複試：面試","【簡章公告】2025/10/02
【報名日期】2025/10/22 ~ 2025/11/07
【考試日期】2025/12/05 ~ 2025/12/05
【放榜日期】2025/12/19","聯絡人：鄭詠心
聯絡電話：02-24622192#1027",簡章網址 ( https://admission.ntou.edu.tw ),【備註】1.本校正在尋找海洋傳奇人才，歡迎優秀且「符合學系相關特殊才能」考生報名。<br />2.報名費部分，低收入戶免費、中低收入戶減免百分之六十，歡迎報名。<br />3.每系不同教育資歷學生優先錄取至多1名，歡迎「符合學系相關特殊才能」且具「不同教育資歷學生」報名。(優先錄取規定，請參閱簡章)。<br />4.面試補助：提供初試通過至本校面試，且符合離島、弱勢、境外臺生者，得申請面試交通費及住宿費補助。,北區、國立,國立臺灣海洋大學,基隆,Keelung,審查 Document Review / 口試 Interview,"Keelung, 基隆, NTOU, National Taiwan Ocean University, Business, Management, Economics, Finance, Interdisciplinary, Cross-disciplinary, General Program, Multidisciplinary, Document Review, Portfolio, Interview, Oral Test, Experimental Education, Homeschooling, Self-taught, Overseas Student, Bilingual, International, Special Talent, Contest Winner, Competition"
"【北區、國立】
國立臺灣海洋大學",海洋環境資訊系,特殊選才,"特殊才能
不同教育資歷：
1.境外臺生
2.新住民及其子女
3.經濟弱勢學生
4.實驗教育學生
5.持境外學歷報考且同時持國外具公信力之入學用大型測驗成績者",2,"1.初試：書面審查(依書面審查成績，擇優參與面試)
2.複試：面試","【簡章公告】2025/10/02
【報名日期】2025/10/22 ~ 2025/11/07
【考試日期】2025/12/05 ~ 2025/12/05
【放榜日期】2025/12/19","聯絡人：鄭詠心
聯絡電話：02-24622192#1027",簡章網址 ( https://admission.ntou.edu.tw ),【備註】1.本校正在尋找海洋傳奇人才，歡迎優秀且「符合學系相關特殊才能」考生報名。<br />2.報名費部分，低收入戶免費、中低收入戶減免百分之六十，歡迎報名。<br />3.每系不同教育資歷學生優先錄取至多1名，歡迎「符合學系相關特殊才能」且具「不同教育資歷學生」報名。(優先錄取規定，請參閱簡章)。<br />4.面試補助：提供初試通過至本校面試，且符合離島、弱勢、境外臺生者，得申請面試交通費及住宿費補助。,北區、國立,國立臺灣海洋大學,基隆,Keelung,審查 Document Review / 口試 Interview,"Keelung, 基隆, NTOU, National Taiwan Ocean University, CS, Computer Science, IT, Software, AI, Document Review, Portfolio, Interview, Oral Test, Experimental Education, Homeschooling, Self-taught, Overseas Student, Bilingual, International, Special Talent, Contest Winner, Competition"
"【北區、國立】
國立臺灣海洋大學",海洋觀光管理學士學位學程,特殊選才,"特殊才能
不同教育資歷：
1.境外臺生
2.新住民及其子女
3.經濟弱勢學生
4.實驗教育學生
5.持境外學歷報考且同時持國外具公信力之入學用大型測驗成績者",2,"1.初試：書面審查(依書面審查成績，擇優參與面試)
2.複試：面試","【簡章公告】2025/10/02
【報名日期】2025/10/22 ~ 2025/11/07
【考試日期】2025/12/05 ~ 2025/12/05
【放榜日期】2025/12/19","聯絡人：鄭詠心
聯絡電話：02-24622192#1027",簡章網址 ( https://admission.ntou.edu.tw ),【備註】1.本校正在尋找海洋傳奇人才，歡迎優秀且「符合學系相關特殊才能」考生報名。<br />2.報名費部分，低收入戶免費、中低收入戶減免百分之六十，歡迎報名。<br />3.每系不同教育資歷學生優先錄取至多1名，歡迎「符合學系相關特殊才能」且具「不同教育資歷學生」報名。(優先錄取規定，請參閱簡章)。<br />4.面試補助：提供初試通過至本校面試，且符合離島、弱勢、境外臺生者，得申請面試交通費及住宿費補助。,北區、國立,國立臺灣海洋大學,基隆,Keelung,審查 Document Review / 口試 Interview,"Keelung, 基隆, NTOU, National Taiwan Ocean University, Business, Management, Economics, Finance, Interdisciplinary, Cross-disciplinary, General Program, Multidisciplinary, Document Review, Portfolio, Interview, Oral Test, Experimental Education, Homeschooling, Self-taught, Overseas Student, Bilingual, International, Special Talent, Contest Winner, Competition"
"【北區、國立】
國立臺灣海洋大學",航運管理學系,特殊選才,"特殊才能
不同教育資歷：
1.境外臺生
2.新住民及其子女
3.經濟弱勢學生
4.實驗教育學生
5.持境外學歷報考且同時持國外具公信力之入學用大型測驗成績者",2,"1.初試：書面審查(依書面審查成績，擇優參與面試)
2.複試：面試","【簡章公告】2025/10/02
【報名日期】2025/10/22 ~ 2025/11/07
【考試日期】2025/12/05 ~ 2025/12/05
【放榜日期】2025/12/19","聯絡人：鄭詠心
聯絡電話：02-24622192#1027",簡章網址 ( https://admission.ntou.edu.tw ),【備註】1.本校正在尋找海洋傳奇人才，歡迎優秀且「符合學系相關特殊才能」考生報名。<br />2.報名費部分，低收入戶免費、中低收入戶減免百分之六十，歡迎報名。<br />3.每系不同教育資歷學生優先錄取至多1名，歡迎「符合學系相關特殊才能」且具「不同教育資歷學生」報名。(優先錄取規定，請參閱簡章)。<br />4.面試補助：提供初試通過至本校面試，且符合離島、弱勢、境外臺生者，得申請面試交通費及住宿費補助。,北區、國立,國立臺灣海洋大學,基隆,Keelung,審查 Document Review / 口試 Interview,"Keelung, 基隆, NTOU, National Taiwan Ocean University, Business, Management, Economics, Finance, Document Review, Portfolio, Interview, Oral Test, Experimental Education, Homeschooling, Self-taught, Overseas Student, Bilingual, International, Special Talent, Contest Winner, Competition"
"【北區、國立】
國立臺灣海洋大學",商船學系,特殊選才,"特殊才能
不同教育資歷：
1.境外臺生
2.新住民及其子女
3.經濟弱勢學生
4.實驗教育學生
5.持境外學歷報考且同時持國外具公信力之入學用大型測驗成績者",3,"1.初試：書面審查(依書面審查成績，擇優參與面試)
2.複試：面試","【簡章公告】2025/10/02
【報名日期】2025/10/22 ~ 2025/11/07
【考試日期】2025/12/05 ~ 2025/12/05
【放榜日期】2025/12/19","聯絡人：鄭詠心
聯絡電話：02-24622192#1027",簡章網址 ( https://admission.ntou.edu.tw ),【備註】1.本校正在尋找海洋傳奇人才，歡迎優秀且「符合學系相關特殊才能」考生報名。<br />2.報名費部分，低收入戶免費、中低收入戶減免百分之六十，歡迎報名。<br />3.每系不同教育資歷學生優先錄取至多1名，歡迎「符合學系相關特殊才能」且具「不同教育資歷學生」報名。(優先錄取規定，請參閱簡章)。<br />4.面試補助：提供初試通過至本校面試，且符合離島、弱勢、境外臺生者，得申請面試交通費及住宿費補助。,北區、國立,國立臺灣海洋大學,基隆,Keelung,審查 Document Review / 口試 Interview,"Keelung, 基隆, NTOU, National Taiwan Ocean University, Business, Management, Economics, Finance, Document Review, Portfolio, Interview, Oral Test, Experimental Education, Homeschooling, Self-taught, Overseas Student, Bilingual, International, Special Talent, Contest Winner, Competition"
"【北區、國立】
國立臺灣海洋大學",通訊與導航工程學系,特殊選才,"特殊才能
不同教育資歷：
1.境外臺生
2.新住民及其子女
3.經濟弱勢學生
4.實驗教育學生
5.持境外學歷報考且同時持國外具公信力之入學用大型測驗成績者",3,"1.初試：書面審查(依書面審查成績，擇優參與面試)
2.複試：面試","【簡章公告】2025/10/02
【報名日期】2025/10/22 ~ 2025/11/07
【考試日期】2025/12/05 ~ 2025/12/05
【放榜日期】2025/12/19","聯絡人：鄭詠心
聯絡電話：02-24622192#1027",簡章網址 ( https://admission.ntou.edu.tw ),【備註】1.本校正在尋找海洋傳奇人才，歡迎優秀且「符合學系相關特殊才能」考生報名。<br />2.報名費部分，低收入戶免費、中低收入戶減免百分之六十，歡迎報名。<br />3.每系不同教育資歷學生優先錄取至多1名，歡迎「符合學系相關特殊才能」且具「不同教育資歷學生」報名。(優先錄取規定，請參閱簡章)。<br />4.面試補助：提供初試通過至本校面試，且符合離島、弱勢、境外臺生者，得申請面試交通費及住宿費補助。,北區、國立,國立臺灣海洋大學,基隆,Keelung,審查 Document Review / 口試 Interview,"Keelung, 基隆, NTOU, National Taiwan Ocean University, Document Review, Portfolio, Interview, Oral Test, Experimental Education, Homeschooling, Self-taught, Overseas Student, Bilingual, International, Special Talent, Contest Winner, Competition"
"【北區、國立】
國立臺灣海洋大學",資訊工程學系,特殊選才,"特殊才能
不同教育資歷：
1.境外臺生
2.新住民及其子女
3.經濟弱勢學生
4.實驗教育學生
5.持境外學歷報考且同時持國外具公信力之入學用大型測驗成績者",3,"1.初試：書面審查(依書面審查成績，擇優參與面試)
2.複試：面試","【簡章公告】2025/10/02
【報名日期】2025/10/22 ~ 2025/11/07
【考試日期】2025/12/05 ~ 2025/12/05
【放榜日期】2025/12/19","聯絡人：鄭詠心
聯絡電話：02-24622192#1027",簡章網址 ( https://admission.ntou.edu.tw ),【備註】1.本校正在尋找海洋傳奇人才，歡迎優秀且「符合學系相關特殊才能」考生報名。<br />2.報名費部分，低收入戶免費、中低收入戶減免百分之六十，歡迎報名。<br />3.每系不同教育資歷學生優先錄取至多1名，歡迎「符合學系相關特殊才能」且具「不同教育資歷學生」報名。(優先錄取規定，請參閱簡章)。<br />4.面試補助：提供初試通過至本校面試，且符合離島、弱勢、境外臺生者，得申請面試交通費及住宿費補助。,北區、國立,國立臺灣海洋大學,基隆,Keelung,審查 Document Review / 口試 Interview,"Keelung, 基隆, NTOU, National Taiwan Ocean University, CS, Computer Science, IT, Software, AI, Document Review, Portfolio, Interview, Oral Test, Experimental Education, Homeschooling, Self-taught, Overseas Student, Bilingual, International, Special Talent, Contest Winner, Competition"
"【北區、國立】
國立臺灣海洋大學",運輸科學系,特殊選才,"特殊才能
不同教育資歷：
1.境外臺生
2.新住民及其子女
3.經濟弱勢學生
4.實驗教育學生
5.持境外學歷報考且同時持國外具公信力之入學用大型測驗成績者",2,"1.初試：書面審查(依書面審查成績，擇優參與面試)
2.複試：面試","【簡章公告】2025/10/02
【報名日期】2025/10/23 ~ 2025/11/07
【考試日期】2025/12/05 ~ 2025/12/05
【放榜日期】2025/12/19","聯絡人：鄭詠心
聯絡電話：02-24622192#1027",簡章網址 ( https://admission.ntou.edu.tw ),【備註】1.本校正在尋找海洋傳奇人才，歡迎優秀且「符合學系相關特殊才能」考生報名。<br />2.報名費部分，低收入戶免費、中低收入戶減免百分之六十，歡迎報名。<br />3.每系不同教育資歷學生優先錄取至多1名，歡迎「符合學系相關特殊才能」且具「不同教育資歷學生」報名。(優先錄取規定，請參閱簡章)。<br />4.面試補助：提供初試通過至本校面試，且符合離島、弱勢、境外臺生者，得申請面試交通費及住宿費補助。,北區、國立,國立臺灣海洋大學,基隆,Keelung,審查 Document Review / 口試 Interview,"Keelung, 基隆, NTOU, National Taiwan Ocean University, Document Review, Portfolio, Interview, Oral Test, Experimental Education, Homeschooling, Self-taught, Overseas Student, Bilingual, International, Special Talent, Contest Winner, Competition"
"【北區、國立】
國立臺灣海洋大學",電機工程學系,特殊選才,"特殊才能
不同教育資歷：
1.境外臺生
2.新住民及其子女
3.經濟弱勢學生
4.實驗教育學生
5.持境外學歷報考且同時持國外具公信力之入學用大型測驗成績者",4,"1.初試：書面審查(依書面審查成績，擇優參與面試)
2.複試：面試","【簡章公告】2025/10/02
【報名日期】2025/10/22 ~ 2025/11/07
【考試日期】2025/12/05 ~ 2025/12/05
【放榜日期】2025/12/19","聯絡人：鄭詠心
聯絡電話：02-24622192#1027",簡章網址 ( https://admission.ntou.edu.tw ),【備註】1.本校正在尋找海洋傳奇人才，歡迎優秀且「符合學系相關特殊才能」考生報名。<br />2.報名費部分，低收入戶免費、中低收入戶減免百分之六十，歡迎報名。<br />3.每系不同教育資歷學生優先錄取至多1名，歡迎「符合學系相關特殊才能」且具「不同教育資歷學生」報名。(優先錄取規定，請參閱簡章)。<br />4.面試補助：提供初試通過至本校面試，且符合離島、弱勢、境外臺生者，得申請面試交通費及住宿費補助。,北區、國立,國立臺灣海洋大學,基隆,Keelung,審查 Document Review / 口試 Interview,"Keelung, 基隆, NTOU, National Taiwan Ocean University, EE, Electrical Engineering, Electronics, Document Review, Portfolio, Interview, Oral Test, Experimental Education, Homeschooling, Self-taught, Overseas Student, Bilingual, International, Special Talent, Contest Winner, Competition"
"【北區、國立】
國立臺灣海洋大學",輪機工程學系,特殊選才,"特殊才能
不同教育資歷：
1.境外臺生
2.新住民及其子女
3.經濟弱勢學生
4.實驗教育學生
5.持境外學歷報考且同時持國外具公信力之入學用大型測驗成績者",4,"1.初試：書面審查(依書面審查成績，擇優參與面試)
2.複試：面試","【簡章公告】2025/10/02
【報名日期】2025/10/22 ~ 2025/11/07
【考試日期】2025/12/05 ~ 2025/12/05
【放榜日期】2025/12/19","聯絡人：鄭詠心
聯絡電話：02-24622192#1027",簡章網址 ( https://admission.ntou.edu.tw ),【備註】1.本校正在尋找海洋傳奇人才，歡迎優秀且「符合學系相關特殊才能」考生報名。<br />2.報名費部分，低收入戶免費、中低收入戶減免百分之六十，歡迎報名。<br />3.每系不同教育資歷學生優先錄取至多1名，歡迎「符合學系相關特殊才能」且具「不同教育資歷學生」報名。(優先錄取規定，請參閱簡章)。<br />4.面試補助：提供初試通過至本校面試，且符合離島、弱勢、境外臺生者，得申請面試交通費及住宿費補助。,北區、國立,國立臺灣海洋大學,基隆,Keelung,審查 Document Review / 口試 Interview,"Keelung, 基隆, NTOU, National Taiwan Ocean University, Document Review, Portfolio, Interview, Oral Test, Experimental Education, Homeschooling, Self-taught, Overseas Student, Bilingual, International, Special Talent, Contest Winner, Competition"
"【北區、國立】
國立臺灣海洋大學",機械與機電工程學系,特殊選才,"特殊才能
不同教育資歷：
1.境外臺生
2.新住民及其子女
3.經濟弱勢學生
4.實驗教育學生
5.持境外學歷報考且同時持國外具公信力之入學用大型測驗成績者",4,"1.初試：書面審查(依書面審查成績，擇優參與面試)
2.複試：面試","【簡章公告】2025/10/02
【報名日期】2025/10/22 ~ 2025/11/07
【考試日期】2025/12/05 ~ 2025/12/05
【放榜日期】2025/12/19","聯絡人：鄭詠心
聯絡電話：02-24622192#1027",簡章網址 ( https://admission.ntou.edu.tw ),【備註】1.本校正在尋找海洋傳奇人才，歡迎優秀且「符合學系相關特殊才能」考生報名。<br />2.報名費部分，低收入戶免費、中低收入戶減免百分之六十，歡迎報名。<br />3.每系不同教育資歷學生優先錄取至多1名，歡迎「符合學系相關特殊才能」且具「不同教育資歷學生」報名。(優先錄取規定，請參閱簡章)。<br />4.面試補助：提供初試通過至本校面試，且符合離島、弱勢、境外臺生者，得申請面試交通費及住宿費補助。,北區、國立,國立臺灣海洋大學,基隆,Keelung,審查 Document Review / 口試 Interview,"Keelung, 基隆, NTOU, National Taiwan Ocean University, Document Review, Portfolio, Interview, Oral Test, Experimental Education, Homeschooling, Self-taught, Overseas Student, Bilingual, International, Special Talent, Contest Winner, Competition"
"【北區、國立】
國立臺灣海洋大學",環境生物與漁業科學學系,特殊選才,"特殊才能
不同教育資歷：
1.境外臺生
2.新住民及其子女
3.經濟弱勢學生
4.實驗教育學生
5.持境外學歷報考且同時持國外具公信力之入學用大型測驗成績者",2,"1.初試：書面審查(依書面審查成績，擇優參與面試)
2.複試：面試","【簡章公告】2025/10/02
【報名日期】2025/10/22 ~ 2025/11/07
【考試日期】2025/12/05 ~ 2025/12/05
【放榜日期】2025/12/19","聯絡人：鄭詠心
聯絡電話：02-24622192#1027",簡章網址 ( https://admission.ntou.edu.tw ),【備註】1.本校正在尋找海洋傳奇人才，歡迎優秀且「符合學系相關特殊才能」考生報名。<br />2.報名費部分，低收入戶免費、中低收入戶減免百分之六十，歡迎報名。<br />3.每系不同教育資歷學生優先錄取至多1名，歡迎「符合學系相關特殊才能」且具「不同教育資歷學生」報名。(優先錄取規定，請參閱簡章)。<br />4.面試補助：提供初試通過至本校面試，且符合離島、弱勢、境外臺生者，得申請面試交通費及住宿費補助。,北區、國立,國立臺灣海洋大學,基隆,Keelung,審查 Document Review / 口試 Interview,"Keelung, 基隆, NTOU, National Taiwan Ocean University, Biology, Bio, Life Science, Agriculture, Document Review, Portfolio, Interview, Oral Test, Experimental Education, Homeschooling, Self-taught, Overseas Student, Bilingual, International, Special Talent, Contest Winner, Competition"
"【北區、國立】
國立臺北教育大學",自然科學教育學系,特殊選才,"特殊才能
不同教育資歷：
1.境外臺生
2.新住民及其子女
3.經濟弱勢學生
4.實驗教育學生
5.持境外學歷報考且同時持國外具公信力之入學用大型測驗成績者",2,1.自傳(限2000字以內)。2.其他在科學相關課程或參與科學相關活動、競賽之表現資料。,"【簡章公告】2025/9/4  
【報名日期】2025/10/01 ~ 2025/10/14
【考試日期】2025/11/08 ~ 2025/11/08
【放榜日期】2025/11/17","聯絡人：劉玉萍
聯絡電話：02-27321104分機82015",簡章網址 ( https://exam.ntue.edu.tw/index1_news_detail.asp?iid=3486&fun_id=News011 ),【備註】1.不同教育資歷考生，其報考資格不受學系報考資格附加規定之限制。2.若符合上述學系報考資格附加規定條件，屬不同教育資歷且達錄取標準者，得優先錄取，至多1名。3.初試成績擇優篩選擬錄取人數之5倍考生參加面試為原則。通過初試者，始得參加複試。未達本系錄取標準者，得採不足額錄取。4.書面審查上傳至報名系統，未能準時上傳者，視同未完成報名手續，並不接受補件，考生不得應試。5.書面審查50%、面試50%。,北區、國立,國立臺北教育大學,台北,Taipei,其他 Other,"Taipei, 台北, NTUE, National Taipei University of Education, Experimental Education, Homeschooling, Self-taught, Overseas Student, Bilingual, International, Special Talent, Contest Winner, Competition"
"【北區、國立】
國立臺北教育大學",語文與創作學系文學創作組,特殊選才,"特殊才能
不同教育資歷：
1.新住民及其子女
2.經濟弱勢學生
3.實驗教育學生",4,"1.自傳(限2000字以內)。
2.其他足證明在文學創作與研究上特殊表現資料，如：個人文學創作作品、參與文學刊物編輯、中國語言、文學相關之論文等。","【簡章公告】2025/9/4  
【報名日期】2025/10/01 ~ 2025/10/14
【考試日期】2025/11/08 ~ 2025/11/08
【放榜日期】2025/11/17","聯絡人：劉玉萍
聯絡電話：02-27321104分機82015",簡章網址 ( https://exam.ntue.edu.tw/index1_news_detail.asp?iid=3486&fun_id=News011 ),【備註】1.不同教育資歷考生，其報考資格不受學系報考資格附加規定之限制。2.若符合上述學系報考資格附加規定條件，屬不同教育資歷且達錄取標準者，得優先錄取，至多1名。3.初試成績擇優篩選，通過初試者，始得參加複試。未達本系錄取標準者，得採不足額錄取。4.審查資料請連同報名表件寄至本校，未能準時繳交者，視同未完成報名手續，並不接受補繳，考生不得應試。<br />5.初試:書面審查、5複試:面試:(各佔成績比例50%),北區、國立,國立臺北教育大學,台北,Taipei,其他 Other,"Taipei, 台北, NTUE, National Taipei University of Education, Foreign Languages, English, Linguistics, Experimental Education, Homeschooling, Self-taught, Special Talent, Contest Winner, Competition"
"【北區、國立】
國立臺北教育大學",語文與創作學系語文師資組,特殊選才,"特殊才能
不同教育資歷：
1.新住民及其子女
2.經濟弱勢學生
3.實驗教育學生",1,"1.自傳(限2000字以內)。
2.其他足證明在語文競賽領域相關特殊表現資料，如：作文比賽、朗讀比賽、寫字比賽等。","【簡章公告】2025/9/4  
【報名日期】2025/10/01 ~ 2025/10/14
【考試日期】2025/11/08 ~ 2025/11/08
【放榜日期】2025/11/17","聯絡人：劉玉萍
聯絡電話：02-27321104分機82015",簡章網址 ( https://exam.ntue.edu.tw/index1_news_detail.asp?iid=3486&fun_id=News011 ),【備註】1.不同教育資歷考生，其報考資格不受學系報考資格附加規定之限制。2.若符合上述學系報考資格附加規定條件，屬不同教育資歷且達錄取標準者，得優先錄取，至多1名。3.初試成績擇優篩選，通過初試者，始得參加複試。未達本系錄取標準者，得採不足額錄取。4.審查資料請連同報名表件寄至本校，未能準時繳交者，視同未完成報名手續，並不接受補繳，考生不得應試。<br />5.初試:書面審查、5複試:面試:(各佔成績比例50%),北區、國立,國立臺北教育大學,台北,Taipei,其他 Other,"Taipei, 台北, NTUE, National Taipei University of Education, Foreign Languages, English, Linguistics, Experimental Education, Homeschooling, Self-taught, Special Talent, Contest Winner, Competition"
"【北區、國立】
國立臺北教育大學",藝術與造形設計學系藝術組,特殊選才,"特殊才能
不同教育資歷：
1.境外臺生
2.新住民及其子女
3.經濟弱勢學生
4.實驗教育學生
5.持境外學歷報考且同時持國外具公信力之入學用大型測驗成績者",4,"1.自傳與學習歷程：1500字以內。（限電腦排版，中文或英文編寫）。
2.作品集。
3.其他有利審查之相關資料。(以上資料請合併為1個PDF檔)","【簡章公告】2025/9/4  
【報名日期】2025/10/01 ~ 2025/10/14
【考試日期】2025/11/08 ~ 2025/11/08
【放榜日期】2025/11/17","聯絡人：劉玉萍
聯絡電話：02-27321104分機82015",簡章網址 ( https://exam.ntue.edu.tw/index1_news_detail.asp?iid=3486&fun_id=News011 ),【備註】1.不同教育資歷考生，其報考資格不受學系報考資格附加規定之限制。2.若符合上述學系報考資格附加規定條件，屬不同教育資歷且達錄取標準者，得優先錄取，至多1名。3.初試成績擇優篩選擬錄取人數之5倍考生參加面試為原則。通過初試者，始得參加複試。未達本系錄取標準者，得採不足額錄取。4.書面審查上傳至報名系統，未能準時上傳者，視同未完成報名手續，並不接受補件，考生不得應試。5.書面審查40%、面試60%。,北區、國立,國立臺北教育大學,台北,Taipei,審查 Document Review,"Taipei, 台北, NTUE, National Taipei University of Education, Arts, Design, Music, Drama, Film, Animation, Document Review, Portfolio, Experimental Education, Homeschooling, Self-taught, Overseas Student, Bilingual, International, Special Talent, Contest Winner, Competition"
"【北區、國立】
國立臺北教育大學",藝術與造形設計學系設計組,特殊選才,"特殊才能
不同教育資歷：
1.境外臺生
2.新住民及其子女
3.經濟弱勢學生
4.實驗教育學生
5.持境外學歷報考且同時持國外具公信力之入學用大型測驗成績者",4,"1.自傳與學習歷程：1500字以內。（限電腦排版，中文或英文編寫）。
2.作品集。
3.其他有利審查之相關資料。(以上資料請合併為1個PDF檔)","【簡章公告】2025/9/4  
【報名日期】2025/10/01 ~ 2025/10/14
【考試日期】2025/11/08 ~ 2025/11/08
【放榜日期】2025/11/17","聯絡人：劉玉萍
聯絡電話：02-27321104分機82015",簡章網址 ( https://exam.ntue.edu.tw/index1_news_detail.asp?iid=3486&fun_id=News011 ),【備註】1.不同教育資歷考生，其報考資格不受學系報考資格附加規定之限制。2.若符合上述學系報考資格附加規定條件，屬不同教育資歷且達錄取標準者，得優先錄取，至多1名。3.初試成績擇優篩選擬錄取人數之5倍考生參加面試為原則。通過初試者，始得參加複試。未達本系錄取標準者，得採不足額錄取。4.書面審查上傳至報名系統，未能準時上傳者，視同未完成報名手續，並不接受補件，考生不得應試。5.書面審查40%、面試60%。,北區、國立,國立臺北教育大學,台北,Taipei,審查 Document Review,"Taipei, 台北, NTUE, National Taipei University of Education, Arts, Design, Music, Drama, Film, Animation, Document Review, Portfolio, Experimental Education, Homeschooling, Self-taught, Overseas Student, Bilingual, International, Special Talent, Contest Winner, Competition"
"【北區、國立】
臺北市立大學",公共事務學系,特殊選才,"特殊才能
不同教育資歷：
1.境外臺生
2.新住民及其子女
3.經濟弱勢學生
4.實驗教育學生
5.持境外學歷報考且同時持國外具公信力之入學用大型測驗成績者",2,"1.面試(50%)
2.資料審查(50%)","【簡章公告】2025/10/14
【報名日期】2025/11/03 ~ 2025/11/17
【考試日期】2025/12/06 ~ 2025/12/06
【放榜日期】2025/12/15","聯絡人：范助教
聯絡電話：02-23113040轉4552

聯絡人：蔡小姐
聯絡電話：02-23113040轉1155","簡章網址 ( https://admission.utaipei.edu.tw/p/404-1033-95887.php?Lang=zh-tw )
北市大公共事務學系 ( https://public.utaipei.edu.tw/ )",nan,北區、國立,臺北市立大學,台北,Taipei,審查 Document Review / 口試 Interview,"Taipei, 台北, UTaipei, University of Taipei, Document Review, Portfolio, Interview, Oral Test, Experimental Education, Homeschooling, Self-taught, Overseas Student, Bilingual, International, Special Talent, Contest Winner, Competition"
"【北區、國立】
臺北市立大學",休閒運動管理學系,特殊選才,"特殊才能
不同教育資歷：
1.境外臺生
2.新住民及其子女
3.經濟弱勢學生
4.實驗教育學生
5.持境外學歷報考且同時持國外具公信力之入學用大型測驗成績者",1,"資料審查100%
(1)高中時期參加全國性以上競賽成績(60%)
(2)在校學業成績單(30%)
(3)自傳(10%)","【簡章公告】2025/10/14
【報名日期】2025/11/03 ~ 2025/11/17
【考試日期】2025/12/06 ~ 2025/12/06
【放榜日期】2025/12/15","聯絡人：李助教
聯絡電話：02-28718288轉6802

聯絡人：蔡小姐
聯絡電話：02-23113040轉1155","簡章網址 ( https://admission.utaipei.edu.tw/p/404-1033-95887.php?Lang=zh-tw )
北市大休閒運動管理學系 ( https://irsm.utaipei.edu.tw/ )",nan,北區、國立,臺北市立大學,台北,Taipei,審查 Document Review,"Taipei, 台北, UTaipei, University of Taipei, Business, Management, Economics, Finance, Document Review, Portfolio, Experimental Education, Homeschooling, Self-taught, Overseas Student, Bilingual, International, Special Talent, Contest Winner, Competition"
"【北區、國立】
臺北市立大學",行銷與管理學系,特殊選才,"特殊才能
不同教育資歷：
1.境外臺生
2.新住民及其子女
3.經濟弱勢學生
4.實驗教育學生
5.持境外學歷報考且同時持國外具公信力之入學用大型測驗成績者",3,"1.資料審查(70%)
2.面試(30%)","【簡章公告】2025/10/14
【報名日期】2025/11/03 ~ 2025/11/17
【考試日期】2025/12/06 ~ 2025/12/06
【放榜日期】2025/12/15","聯絡人：黃助教
聯絡電話：02-28718288轉3107

聯絡人：蔡小姐
聯絡電話：02-23113040轉1155","簡章網址 ( https://admission.utaipei.edu.tw/p/404-1033-95887.php?Lang=zh-tw )
北市大行銷與管理學系 ( https://dmm.utaipei.edu.tw/ )",nan,北區、國立,臺北市立大學,台北,Taipei,審查 Document Review / 口試 Interview,"Taipei, 台北, UTaipei, University of Taipei, Business, Management, Economics, Finance, Document Review, Portfolio, Interview, Oral Test, Experimental Education, Homeschooling, Self-taught, Overseas Student, Bilingual, International, Special Talent, Contest Winner, Competition"
"【北區、國立】
臺北市立大學",音樂學系,特殊選才,"特殊才能
不同教育資歷：
1.境外臺生
2.新住民及其子女
3.經濟弱勢學生
4.實驗教育學生
5.持境外學歷報考且同時持國外具公信力之入學用大型測驗成績者",3,"1.面試(含術科考試)80%
2.資料審查20%","【簡章公告】2025/10/14
【報名日期】2025/11/03 ~ 2025/11/17
【考試日期】2025/12/06 ~ 2025/12/06
【放榜日期】2025/12/15","聯絡人：吳助教
聯絡電話：02-23113040轉6135

聯絡人：蔡小姐
聯絡電話：02-23113040轉1155","簡章網址 ( https://admission.utaipei.edu.tw/p/404-1033-95887.php?Lang=zh-tw )
北市大音樂學系 ( https://www.music.utaipei.edu.tw/ )",nan,北區、國立,臺北市立大學,台北,Taipei,審查 Document Review / 口試 Interview,"Taipei, 台北, UTaipei, University of Taipei, Arts, Design, Music, Drama, Film, Animation, Document Review, Portfolio, Interview, Oral Test, Experimental Education, Homeschooling, Self-taught, Overseas Student, Bilingual, International, Special Talent, Contest Winner, Competition"
"【北區、國立】
臺北市立大學",視覺藝術學系,特殊選才,"特殊才能
不同教育資歷：
1.境外臺生
2.新住民及其子女
3.經濟弱勢學生
4.實驗教育學生
5.持境外學歷報考且同時持國外具公信力之入學用大型測驗成績者",3,"1.面試(60%)
2.資料審查(40%)","【簡章公告】2025/10/14
【報名日期】2025/11/03 ~ 2025/11/17
【考試日期】2025/12/06 ~ 2025/12/06
【放榜日期】2025/12/15","聯絡人：連助教
聯絡電話：02-23113040轉6113

聯絡人：蔡小姐
聯絡電話：02-23113040轉1155","簡章網址 ( https://admission.utaipei.edu.tw/p/404-1033-95887.php?Lang=zh-tw )
北市大視覺藝術學系 ( https://art.utaipei.edu.tw/web/ )",nan,北區、國立,臺北市立大學,台北,Taipei,審查 Document Review / 口試 Interview,"Taipei, 台北, UTaipei, University of Taipei, Arts, Design, Music, Drama, Film, Animation, Document Review, Portfolio, Interview, Oral Test, Experimental Education, Homeschooling, Self-taught, Overseas Student, Bilingual, International, Special Talent, Contest Winner, Competition"
"【北區、國立】
臺北市立大學",數據科學與數學系,特殊選才,"特殊才能
不同教育資歷：
1.境外臺生
2.新住民及其子女
3.經濟弱勢學生
4.實驗教育學生
5.持境外學歷報考且同時持國外具公信力之入學用大型測驗成績者",2,"1.面試(50%)
2.資料審查(50%)","【簡章公告】2025/10/14
【報名日期】2025/11/03 ~ 2025/11/17
【考試日期】2025/12/06 ~ 2025/12/06
【放榜日期】2025/12/15","聯絡人：劉助教
聯絡電話：02-23113040轉1913

聯絡人：蔡小姐
聯絡電話：02-23113040轉1155","簡章網址 ( https://admission.utaipei.edu.tw/p/404-1033-95887.php?Lang=zh-tw )
北市大數據科學與數學系 ( https://math.utaipei.edu.tw/ )",nan,北區、國立,臺北市立大學,台北,Taipei,審查 Document Review / 口試 Interview,"Taipei, 台北, UTaipei, University of Taipei, Math, Statistics, Data Science, Document Review, Portfolio, Interview, Oral Test, Experimental Education, Homeschooling, Self-taught, Overseas Student, Bilingual, International, Special Talent, Contest Winner, Competition"
"【北區、國立】
國立體育大學",適應體育學系,特殊選才,"特殊才能
不同教育資歷：
1.境外臺生
2.新住民及其子女
3.經濟弱勢學生
4.實驗教育學生
5.持境外學歷報考且同時持國外具公信力之入學用大型測驗成績者
6.其他：
除上述教育資歷，須具備學系所訂特殊才能之一的學生。",4,"一、初審-書面資料審查： 40%
書面審查資料依序裝訂成冊（一式3份）請於報名時一併繳交。

二、複審-面試： 60%
複審名額為初審書面資料總分排序錄取名額3倍之考生。","【簡章公告】2025/9/15 
【報名日期】2025/10/07 ~ 2025/11/26
【考試日期】2025/12/20 ~ 2025/12/20
【放榜日期】2025/12/29","聯絡人：適應體育學系陳小姐
聯絡電話：(03)328-3201轉8522

聯絡人：教務處招生組李小姐
聯絡電話：(03)328-3201轉1593","簡章網址 ( https://aca.ntsu.edu.tw/p/404-1004-60994.php?Lang=zh-tw )
適應體育學系 ( https://ape.ntsu.edu.tw/ )
招生資訊網 ( https://admissions.ntsu.edu.tw/app/home.php )","【備註】一、具有下列各項條件之一者，得參加本系特殊選才招生：
1. 曾代表國家參加國際級之「圍棋」比賽，並持有證明者。
2. 曾參加全國性「圍棋」比賽，並持有證明者。
3. 曾參加經體育署核定辦理之單項運動協會舉辦之全國性「圍棋」比賽，並持有證明者。
4. 曾參加縣市級以上「圍棋」比賽，並持有證明者。
二、未達錄取標準者得不足額錄取，缺額流用至當學年度大學考試入學分發
招生名額。詳參簡章。",北區、國立,國立體育大學,桃園,Taoyuan,審查 Document Review / 口試 Interview,"Taoyuan, 桃園, NTSU, National Taiwan Sport University, Document Review, Portfolio, Interview, Oral Test, Experimental Education, Homeschooling, Self-taught, Overseas Student, Bilingual, International, Special Talent, Contest Winner, Competition"
"【北區、國立】
國立體育大學",體育推廣學系,特殊選才,"特殊才能
不同教育資歷：
1.境外臺生
2.新住民及其子女
3.經濟弱勢學生
4.實驗教育學生
5.持境外學歷報考且同時持國外具公信力之入學用大型測驗成績者
6.其他：
除上述教育資歷，須具備學系所訂特殊才能之一的學生。",12,"女子啦啦舞組及拔河組考試項目均含書審及面試，佔比如下:
一、書審40% 
書面審查資料依序裝訂成冊（一式3份）請於報名時一併繳交。

二、面試60%
複審名額為初審書面資料總分排序錄取名額3倍之考生。","【簡章公告】2025/9/15 
【報名日期】2025/10/07 ~ 2025/11/26
【考試日期】2025/12/13 ~ 2025/12/13
【放榜日期】2025/12/29","聯絡人：體育推廣學系林小姐
聯絡電話：(03)328-3201轉8513

聯絡人：教務處招生組李小姐
聯絡電話：(03)328-3201轉1593","簡章網址 ( https://aca.ntsu.edu.tw/p/404-1004-60994.php?Lang=zh-tw )
體育推廣學系 ( https://dsp.ntsu.edu.tw )
招生資訊網 ( https://admissions.ntsu.edu.tw/app/home.php )",【備註】一、報名資格:(以下均須附證明)<br />女子啦啦舞組<br />1.曾經參與國際性舞蹈運動/舞蹈啦啦競賽。<br />2.曾獲得全國舞蹈運動/舞蹈啦啦競賽前六名。<br />3.曾獲得縣市舞蹈運動競賽前三名<br />拔河組<br />1.曾獲選為拔河國家代表隊。<br />2.曾獲得全國性拔河比賽前二名。<br />二、各組分別錄取，但得視考生成績採不足額錄取，如其中一組錄取或報到不足額時，所餘名額得由他組考生流用，流用後仍有缺額，缺額流用至當學年度分發入學管道。詳簡章,北區、國立,國立體育大學,桃園,Taoyuan,審查 Document Review / 口試 Interview,"Taoyuan, 桃園, NTSU, National Taiwan Sport University, Document Review, Portfolio, Interview, Oral Test, Experimental Education, Homeschooling, Self-taught, Overseas Student, Bilingual, International, Special Talent, Contest Winner, Competition"
"【北區、國立】
國立臺灣藝術大學",工藝設計學系,特殊選才,"特殊才能
不同教育資歷：
1.實驗教育學生",1,"1.自傳  (佔總成績20%)
2.作品集   (佔總成績30%)
3.學習成效  (佔總成績35%)
4.其他有利審查資料  (佔總成績15%)","【簡章公告】2025/9/30 
【報名日期】2025/10/27 ~ 2025/11/17
【考試日期】2025/12/01 ~ 2025/12/05
【放榜日期】2025/12/29","聯絡人：陳褘穎
聯絡電話：02-22722181轉1152

聯絡人：陳瑩娟
聯絡電話：02-22722181轉2112",簡章網址 ( https://aca.ntua.edu.tw/list.aspx?ca=273 ),【備註】學系篩選條件，符合下列條件之一：<br />一、於「工藝設計」相關領域具特殊表現或展現出強烈學習熱忱，並能提出具體優良成果作品（含藝術創作或設計作品、學習心得、讀書報告等）、相關<br />    獲獎資歷或證明文件者。<br />二、受非學校型態實驗教育或自學者，提出有對「工藝設計」相關領域與眾不同的特殊天分、特殊能力之證明。,北區、國立,國立臺灣藝術大學,新北,New Taipei,審查 Document Review,"New Taipei, 新北, NTUA, National Taiwan University of Arts, Arts, Design, Music, Drama, Film, Animation, Document Review, Portfolio, Experimental Education, Homeschooling, Self-taught, Special Talent, Contest Winner, Competition"
"【北區、國立】
國立臺灣藝術大學",中國音樂學系,特殊選才,"特殊才能
不同教育資歷：
1.境外臺生
2.新住民及其子女
3.經濟弱勢學生
4.實驗教育學生
5.持境外學歷報考且同時持國外具公信力之入學用大型測驗成績者",1,"1.作品集  (佔總成績45%)
2.學習成效   (佔總成績25%)
3.自傳   (佔總成績20%)
4.其他有利審查資料   (佔總成績10%)","【簡章公告】2025/9/30 
【報名日期】2025/10/27 ~ 2025/11/17
【考試日期】2025/12/01 ~ 2025/12/05
【放榜日期】2025/12/29","聯絡人：陳褘穎
聯絡電話：02-22722181轉1152

聯絡人：巫欣諭
聯絡電話：02-22722181轉2533",簡章網址 ( https://aca.ntua.edu.tw/list.aspx?ca=273 ),【備註】學系篩選條件，符合下列條件之一：<br />一、近年於中國傳統器樂、聲樂、作曲上獲得重要競賽獎項，或足以證明具有中國傳統器樂、聲樂、作曲相關之藝術特殊專長，且能檢具證明者。<br />二、具不同教育資歷學生，能證明自己對中國傳統器樂、聲樂、作曲上有特殊成就，或極為突出之相關專業技能，且能檢具證明者。,北區、國立,國立臺灣藝術大學,新北,New Taipei,審查 Document Review,"New Taipei, 新北, NTUA, National Taiwan University of Arts, Arts, Design, Music, Drama, Film, Animation, Document Review, Portfolio, Experimental Education, Homeschooling, Self-taught, Overseas Student, Bilingual, International, Special Talent, Contest Winner, Competition"
"【北區、國立】
國立臺灣藝術大學",古蹟藝術修護學系,特殊選才,"特殊才能
不同教育資歷：
1.境外臺生
2.經濟弱勢學生
3.實驗教育學生",1,"1.自傳  (佔總成績30%)
2.作品集 (佔總成績30%)
3.學習成效  (佔總成績10%)
4.其他有利審查資料  (佔總成績30%)","【簡章公告】2025/9/30 
【報名日期】2025/10/27 ~ 2025/11/17
【考試日期】2025/12/01 ~ 2025/12/05
【放榜日期】2025/12/29","聯絡人：陳褘穎
聯絡電話：02-22722181轉1152

聯絡人：李苓瑄
聯絡電話：02-22722181轉2073",簡章網址 ( https://aca.ntua.edu.tw/list.aspx?ca=273 ),【備註】學系篩選條件，符合以下條件之一：<br />一、於「視覺藝術」相關領域具特殊表現或展現出強烈學習熱忱，並能提出具體優良成果作品（含傳統工藝、美術相關之作品稿件、學習心得、讀書報告<br />    等）、相關獲獎資歷或證明文件者。<br />二、受非學校型態實驗教育或自學者，提出有對「視覺藝術」相關領域與眾不同的特殊天分、特殊能力之證明。,北區、國立,國立臺灣藝術大學,新北,New Taipei,審查 Document Review,"New Taipei, 新北, NTUA, National Taiwan University of Arts, Arts, Design, Music, Drama, Film, Animation, Document Review, Portfolio, Experimental Education, Homeschooling, Self-taught, Overseas Student, Bilingual, International, Special Talent, Contest Winner, Competition"
"【北區、國立】
國立臺灣藝術大學",多媒體動畫藝術學系,特殊選才,"特殊才能
不同教育資歷：
1.實驗教育學生",1,"1.作品集  (佔總成績50%)
2.學習成效 (佔總成績30%)
3.自傳及其他有利審查資料  (佔總成績20%)","【簡章公告】2025/9/30 
【報名日期】2025/10/27 ~ 2025/11/17
【考試日期】2025/12/01 ~ 2025/12/05
【放榜日期】2025/12/29","聯絡人：陳褘穎
聯絡電話：02-22722181轉1152

聯絡人：李羿伶
聯絡電話：02-22722181轉2154",簡章網址 ( https://aca.ntua.edu.tw/list.aspx?ca=273 ),【備註】學系篩選條件，符合下列條件之一：<br />一、於美術、視覺設計或動態影像等領域獲得重要競賽之獎項，或者足以證明具有動態影像相關之藝術特殊專長及潛能之學生。<br />二、不同教育資歷之實驗教育學生身分，能證明自己對於美術、視覺設計或動態影像等領域有特殊成就，或極為突出之相關專業技能。,北區、國立,國立臺灣藝術大學,新北,New Taipei,審查 Document Review,"New Taipei, 新北, NTUA, National Taiwan University of Arts, Arts, Design, Music, Drama, Film, Animation, Document Review, Portfolio, Experimental Education, Homeschooling, Self-taught, Special Talent, Contest Winner, Competition"
"【北區、國立】
國立臺灣藝術大學",美術學系,特殊選才,"特殊才能
不同教育資歷：
1.新住民及其子女
2.經濟弱勢學生
3.實驗教育學生
4.持境外學歷報考且同時持國外具公信力之入學用大型測驗成績者",1,"1.自傳及學習計畫 (佔總成績30%)
2.作品集 (佔總成績40%)
3.其他有利審查資料  (佔總成績30%)","【簡章公告】2025/9/30 
【報名日期】2025/10/27 ~ 2025/11/17
【考試日期】2025/12/01 ~ 2025/12/05
【放榜日期】2025/12/29","聯絡人：陳褘穎
聯絡電話：02-22722181轉1152

聯絡人：劉彥沂
聯絡電話：02-2272-2181轉2021",簡章網址 ( https://aca.ntua.edu.tw/list.aspx?ca=273 ),【備註】學系篩選條件，符合以下條件之一：<br />一、曾參加美術類全國性或國際性競賽獲得前三名名次，並持有證明者。<br />二、不同教育資歷學生，能夠證明自己對美術領域有與眾不同的特殊天分之實踐者。,北區、國立,國立臺灣藝術大學,新北,New Taipei,審查 Document Review,"New Taipei, 新北, NTUA, National Taiwan University of Arts, Arts, Design, Music, Drama, Film, Animation, Document Review, Portfolio, Experimental Education, Homeschooling, Self-taught, Overseas Student, Bilingual, International, Special Talent, Contest Winner, Competition"
"【北區、國立】
國立臺灣藝術大學",書畫藝術學系,特殊選才,"特殊才能
不同教育資歷：
1.境外臺生
2.新住民及其子女
3.經濟弱勢學生
4.實驗教育學生
5.持境外學歷報考且同時持國外具公信力之入學用大型測驗成績者",1,"1.自傳 (佔總成績10%)
2.作品集 (佔總成績40%)
3.學習成效 (佔總成績20%)
4.其他有利審查資料 (佔總成績30%)","【簡章公告】2025/9/30 
【報名日期】2025/10/27 ~ 2025/11/17
【考試日期】2025/12/01 ~ 2025/12/05
【放榜日期】2025/12/29","聯絡人：陳褘穎
聯絡電話：02-22722181 轉1152

聯絡人：陳重亨
聯絡電話：02-2272-2181 轉2051",簡章網址 ( https://aca.ntua.edu.tw/list.aspx?ca=273 ),【備註】學系篩選條件，符合以下條件之一：<br />一、近三年內(112-114年間)曾在美術領域獲得全國性或國際性重要競賽獎項(如全國學生美術比賽)，或足以證明具有美術方面特殊專長，並持有證明<br />    者。<br />二、能夠證明自己對美術領域有特殊天分、特殊成就，且能檢具證明者。,北區、國立,國立臺灣藝術大學,新北,New Taipei,審查 Document Review,"New Taipei, 新北, NTUA, National Taiwan University of Arts, Arts, Design, Music, Drama, Film, Animation, Document Review, Portfolio, Experimental Education, Homeschooling, Self-taught, Overseas Student, Bilingual, International, Special Talent, Contest Winner, Competition"
"【北區、國立】
國立臺灣藝術大學",視覺傳達設計學系,特殊選才,"特殊才能
不同教育資歷：
1.實驗教育學生",1,"1.自傳  (佔總成績10%)
2.作品集   (佔總成績40%)
3.學習成效  (佔總成績35%)
4.其他有利審查資料  (佔總成績15%)","【簡章公告】2025/9/30 
【報名日期】2025/10/27 ~ 2025/11/17
【考試日期】2025/12/01 ~ 2025/12/05
【放榜日期】2025/12/29","聯絡人：陳褘穎
聯絡電話：02-22722181轉1152

聯絡人：洪斯前
聯絡電話：02-22722181轉2222",簡章網址 ( https://aca.ntua.edu.tw/list.aspx?ca=273 ),【備註】學系篩選條件，符合以下條件之一：<br />一、於美術、設計領域獲得重要競賽的獎項，或者足以證明具有視覺設計相關之藝術特殊專長及潛能之學生。<br />二、實驗教育學生，能證明自己對視覺設計及藝術有特殊成就，或極為突出之相關專業技能。,北區、國立,國立臺灣藝術大學,新北,New Taipei,審查 Document Review,"New Taipei, 新北, NTUA, National Taiwan University of Arts, Arts, Design, Music, Drama, Film, Animation, Document Review, Portfolio, Experimental Education, Homeschooling, Self-taught, Special Talent, Contest Winner, Competition"
"【北區、國立】
國立臺灣藝術大學",電影學系,特殊選才,"不同教育資歷：
1.境外臺生
2.新住民及其子女
3.實驗教育學生",1,"1.自傳  (佔總成績20%)
2.作品集   (佔總成績40%)
3.學習成效  (佔總成績15%)
4.其他有利審查資料  (佔總成績25%)","【簡章公告】2025/9/30 
【報名日期】2025/10/27 ~ 2025/11/17
【考試日期】2025/12/01 ~ 2025/12/05
【放榜日期】2025/12/29","聯絡人：陳褘穎
聯絡電話：02-22722181轉1152

聯絡人：張為清
聯絡電話：02-22722181轉5052",簡章網址 ( https://aca.ntua.edu.tw/list.aspx?ca=273 ),【備註】學系篩選條件，符合下列條件之一：<br />一、曾在藝術領域獲得重要競賽獎項，且能檢具證明者。<br />二、實驗教育學生須曾經修習過3門以上藝術相關課程，且能檢具證明者。<br />三、具藝術領域之國際活動、國內外競賽成果等，且能檢具證明者。<br />四、具有藝術特殊專長或特殊成就表現，且能檢具證明者。,北區、國立,國立臺灣藝術大學,新北,New Taipei,審查 Document Review,"New Taipei, 新北, NTUA, National Taiwan University of Arts, Arts, Design, Music, Drama, Film, Animation, Document Review, Portfolio, Experimental Education, Homeschooling, Self-taught, Overseas Student, Bilingual, International"
"【北區、國立】
國立臺灣藝術大學",圖文傳播藝術學系,特殊選才,"特殊才能
不同教育資歷：
1.實驗教育學生",1,"1.自傳  (佔總成績15%)
2.作品集   (佔總成績35%)
3.學習成效  (佔總成績35%)
4.其他有利審查資料  (佔總成績15%)","【簡章公告】2025/9/30 
【報名日期】2025/10/27 ~ 2025/11/17
【考試日期】2025/12/01 ~ 2025/12/05
【放榜日期】2025/12/29","聯絡人：陳褘穎
聯絡電話：02-22722181轉1152

聯絡人：林永濬
聯絡電話：02-22722181轉2251",簡章網址 ( https://aca.ntua.edu.tw/list.aspx?ca=273 ),【備註】學系篩選條件，符合下列條件之一：<br />一、曾在藝術領域獲得重要競賽獎項或足以證明其有藝術特殊專長，且能檢具證明者。<br />二、接受實驗教育或自學有成果者，能夠證明自己對藝術領域有與眾不同的特殊天分、特殊成就表現，且能檢具證明者。,北區、國立,國立臺灣藝術大學,新北,New Taipei,審查 Document Review,"New Taipei, 新北, NTUA, National Taiwan University of Arts, Arts, Design, Music, Drama, Film, Animation, Social Sciences, Psychology, Communication, History, Philosophy, Document Review, Portfolio, Experimental Education, Homeschooling, Self-taught, Special Talent, Contest Winner, Competition"
"【北區、國立】
國立臺灣藝術大學",雕塑學系,特殊選才,"特殊才能
不同教育資歷：
1.境外臺生
2.新住民及其子女
3.經濟弱勢學生
4.實驗教育學生
5.持境外學歷報考且同時持國外具公信力之入學用大型測驗成績者",1,"1.自傳 (佔總成績20%)
2.作品集  (佔總成績50%)
3.競賽成果或特殊表現與其他有利審查資料  (佔總成績30%)","【簡章公告】2025/9/30 
【報名日期】2025/10/27 ~ 2025/11/17
【考試日期】2025/12/01 ~ 2025/12/05
【放榜日期】2025/12/29","聯絡人：陳褘穎
聯絡電話：02-22722181轉1152

聯絡人：巫姿陵
聯絡電話：02-22722181轉2131",簡章網址 ( https://aca.ntua.edu.tw/list.aspx?ca=273 ),【備註】學系篩選條件，符合以下條件之一：<br />一、近年曾在雕塑領域獲得重要競賽獎項或足以證明具有雕塑特殊專長者，須提出能證明具備雕塑能力相關之作品及佐證資料。<br />二、不同教育資歷學生，近年曾參加雕塑相關比賽經歷獲獎，或參加雕塑相關課程結業者，在雕塑相關課程表現優異，並持有相關證明者。,北區、國立,國立臺灣藝術大學,新北,New Taipei,審查 Document Review,"New Taipei, 新北, NTUA, National Taiwan University of Arts, Document Review, Portfolio, Experimental Education, Homeschooling, Self-taught, Overseas Student, Bilingual, International, Special Talent, Contest Winner, Competition"
"【北區、國立】
國立臺北大學",歷史學系,特殊選才,"特殊才能
不同教育資歷：
1.境外臺生
2.新住民及其子女
3.經濟弱勢學生
4.實驗教育學生
5.持境外學歷報考且同時持國外具公信力之入學用大型測驗成績者",1,書面審查、面試,"【簡章公告】2025/10/17
【報名日期】2025/11/12 ~ 2025/11/27
【考試日期】2025/12/20 ~ 2025/12/20
【放榜日期】2026/1/9","聯絡人：王美淑小姐
聯絡電話：02-86741111轉66808",簡章網址 ( https://new.ntpu.edu.tw/oaa/news?tag=%E5%AD%B8%E5%A3%AB%E7%8F%AD%E7%89%B9%E6%AE%8A%E9%81%B8%E6%89%8D ),nan,北區、國立,國立臺北大學,新北,New Taipei,審查 Document Review / 口試 Interview,"New Taipei, 新北, NTPU, National Taipei University, Social Sciences, Psychology, Communication, History, Philosophy, Document Review, Portfolio, Interview, Oral Test, Experimental Education, Homeschooling, Self-taught, Overseas Student, Bilingual, International, Special Talent, Contest Winner, Competition"
"【北區、國立】
國立金門大學",社會工作學系,特殊選才,"特殊才能
不同教育資歷：
1.境外臺生
2.新住民及其子女
3.經濟弱勢學生
4.實驗教育學生
5.在地學生
6.持境外學歷報考且同時持國外具公信力之入學用大型測驗成績者",2,書面審查,"【簡章公告】2025/10/2 
【報名日期】2025/10/23 ~ 2025/11/13
【考試日期】2025/11/18 ~ 2025/11/21
【放榜日期】2025/12/5","聯絡人：李小姐
聯絡電話：082-313918","簡章網址 ( https://admission.nqu.edu.tw/index.ASP )
學系網站 ( https://sw.nqu.edu.tw/ )",【備註】考試各項日程以本校公告招生簡章為準。<br />本系注重個別化及實務取向教學，課程規劃設計注重當地離島偏鄉社會文化特色，接軌國際社會福利潮流，透過豐富實務演練與多元評量方式，確保學生學習成效，進而考取社工師證照與就業。據此，本系致力發展如下特色：<br />一、扎根離島偏鄉社會特性，培養多元文化社工人才。<br />二、整合衛生福利專業服務，培養具健康取向社工人才。<br />三、落實實務導向課程規劃，培養具熱情投入社工人才。,北區、國立,國立金門大學,金門,Kinmen,審查 Document Review,"Kinmen, 金門, NQU, National Quemoy University, Social Sciences, Psychology, Communication, History, Philosophy, Document Review, Portfolio, Experimental Education, Homeschooling, Self-taught, Overseas Student, Bilingual, International, Special Talent, Contest Winner, Competition"
"【北區、國立】
國立金門大學",長期照護學系,特殊選才,"特殊才能
不同教育資歷：
1.境外臺生
2.新住民及其子女
3.經濟弱勢學生
4.實驗教育學生
5.在地學生",1,書面審查,"【簡章公告】2025/10/2 
【報名日期】2025/10/23 ~ 2025/11/13
【考試日期】2025/11/18 ~ 2025/11/21
【放榜日期】2025/12/5","聯絡人：許小姐
聯絡電話：082-313911","簡章網址 ( https://admission.nqu.edu.tw/index.ASP )
學系網站 ( https://longtermcare.nqu.edu.tw/ )",【備註】考試各項日程以本校公告招生簡章為準。<br />本系是國立大學第一個長期照護學系，教育目標為培育學生成為長期照護事業管理之專業人才並兼具人文關懷與國際視野。畢業生就業機會多元且豐富。歡迎對長期照護產業發展、經營管理、政策發展有興趣的優秀學子申請。,北區、國立,國立金門大學,金門,Kinmen,審查 Document Review,"Kinmen, 金門, NQU, National Quemoy University, Document Review, Portfolio, Experimental Education, Homeschooling, Self-taught, Overseas Student, Bilingual, International, Special Talent, Contest Winner, Competition"
"【北區、國立】
國立金門大學",建築學系,特殊選才,"特殊才能
不同教育資歷：
1.境外臺生
2.新住民及其子女
3.經濟弱勢學生
4.實驗教育學生
5.在地學生
6.持境外學歷報考且同時持國外具公信力之入學用大型測驗成績者",1,書面審查,"【簡章公告】2025/10/2 
【報名日期】2025/10/23 ~ 2025/11/13
【考試日期】2025/11/18 ~ 2025/11/21
【放榜日期】2025/12/5","聯絡人：周小姐
聯絡電話：082-313451","簡章網址 ( https://admission.nqu.edu.tw/index.ASP )
學系網站 ( https://arch-nqu.nqu.edu.tw/ )",【備註】考試各項日程以本校公告招生簡章為準。<br />金門具有豐富的傳統聚落、軍事遺址、民居建築以及人文與自然生態，本系以此為涵養，培育空間設計、構築技術、文化遺產保護及社會關懷理論與實踐並重的人才。期望學生具備多元思考與設計創新、人文關懷與歷史探索、永續環境與技術整合等基本素養。在課程上分為：建築設計與核心技能、歷史與文化、營建與實務、生態與環境、社區與都市等五大類訓練學生之設計 、創新、文資修復能力。,北區、國立,國立金門大學,金門,Kinmen,審查 Document Review,"Kinmen, 金門, NQU, National Quemoy University, Document Review, Portfolio, Experimental Education, Homeschooling, Self-taught, Overseas Student, Bilingual, International, Special Talent, Contest Winner, Competition"
"【北區、國立】
國立金門大學",國際暨大陸事務學系,特殊選才,"特殊才能
不同教育資歷：
1.境外臺生
2.新住民及其子女
3.經濟弱勢學生
4.實驗教育學生
5.在地學生
6.持境外學歷報考且同時持國外具公信力之入學用大型測驗成績者",1,書面審查,"【簡章公告】2025/10/2 
【報名日期】2025/10/23 ~ 2025/11/13
【考試日期】2025/11/18 ~ 2025/11/21
【放榜日期】2025/12/5","聯絡人：薛小姐
聯絡電話：082-313436","簡章網址 ( https://admission.nqu.edu.tw/index.ASP )
學系網站 ( https://ima.nqu.edu.tw/ )",【備註】考試各項日程以本校公告招生簡章為準。<br />本系以培育具備國際視野與兩岸事務專業能力之跨域人才為目標，課程內容融合國際關係、大陸研究、區域治理與全球議題等核心領域，兼顧理論探究與實務應用。隨著全球化持續推進，本系積極拓展海外交流與學術合作，致力成為國際與兩岸事務對話的重要橋樑，亦為學生提供多元實習與學習機會，強化其國際競爭力。<br />歡迎對全球事務充滿熱忱、具備國際行動力的同學加入國際暨大陸事務學系。,北區、國立,國立金門大學,金門,Kinmen,審查 Document Review,"Kinmen, 金門, NQU, National Quemoy University, Document Review, Portfolio, Experimental Education, Homeschooling, Self-taught, Overseas Student, Bilingual, International, Special Talent, Contest Winner, Competition"
"【北區、國立】
國立金門大學",都市計畫與景觀學系,特殊選才,"特殊才能
不同教育資歷：
1.境外臺生
2.新住民及其子女
3.經濟弱勢學生
4.實驗教育學生
5.在地學生
6.持境外學歷報考且同時持國外具公信力之入學用大型測驗成績者",2,書面審查,"【簡章公告】2025/10/2 
【報名日期】2025/10/23 ~ 2025/11/13
【考試日期】2025/11/18 ~ 2025/11/21
【放榜日期】2025/12/5","聯絡人：廖小姐
聯絡電話：082-313781","簡章網址 ( https://admission.nqu.edu.tw/index.ASP )
學系網站 ( https://upl.nqu.edu.tw/ )",【備註】考試各項日程以本校公告招生簡章為準。<br />本系強調島嶼生態環境及文化產業區域規劃與景觀整備，人工智慧融入課程以下列四大方向為規劃重點：<br />一、歷史保存研究與教學。<br />二、社區規劃理論與實務操作。<br />三、從兩岸思潮到在地主義規劃設計。<br />四、生態減碳與綠環境規劃設計。,北區、國立,國立金門大學,金門,Kinmen,審查 Document Review,"Kinmen, 金門, NQU, National Quemoy University, Document Review, Portfolio, Experimental Education, Homeschooling, Self-taught, Overseas Student, Bilingual, International, Special Talent, Contest Winner, Competition"
"【北區、國立】
國立金門大學",華語文學系,特殊選才,"特殊才能
不同教育資歷：
1.境外臺生
2.新住民及其子女
3.經濟弱勢學生
4.實驗教育學生
5.在地學生
6.持境外學歷報考且同時持國外具公信力之入學用大型測驗成績者",1,書面審查,"【簡章公告】2025/10/2 
【報名日期】2025/10/23 ~ 2025/11/13
【考試日期】2025/11/18 ~ 2025/11/21
【放榜日期】2025/12/5","聯絡人：郭小姐
聯絡電話：082-313405","簡章網址 ( https://admission.nqu.edu.tw/index.ASP )
學系網站 ( https://nqucs.nqu.edu.tw/ )",【備註】考試各項日程以本校公告招生簡章為準。<br />本系以華語文學為基礎，面向華語文世界所包容的華人文學與文化，認識古代經典與原創作品的價值，培養分析與鑒賞能力，以深化個人性情素養與多方面的創作觀察視野，累積以發揮於華語文教學的動態應變能力、或立基於文學經典、文化根本的自主創作能量。文學課程外，同時規劃軟體應用及數位工具課程，提升參與數位世界的對話能力與多面向的就業競爭力。,北區、國立,國立金門大學,金門,Kinmen,審查 Document Review,"Kinmen, 金門, NQU, National Quemoy University, Foreign Languages, English, Linguistics, Document Review, Portfolio, Experimental Education, Homeschooling, Self-taught, Overseas Student, Bilingual, International, Special Talent, Contest Winner, Competition"
"【北區、國立】
國立金門大學",運動與休閒學系,特殊選才,"特殊才能
不同教育資歷：
1.境外臺生
2.新住民及其子女
3.經濟弱勢學生
4.實驗教育學生
5.在地學生",1,書面審查,"【簡章公告】2025/10/2 
【報名日期】2025/10/23 ~ 2025/11/13
【考試日期】2025/11/18 ~ 2025/11/21
【放榜日期】2025/12/5","聯絡人：翁小姐
聯絡電話：082-312791","簡章網址 ( https://admission.nqu.edu.tw/index.ASP )
學系網站 ( https://sport.nqu.edu.tw/ )",【備註】考試各項日程以本校公告招生簡章為準。<br />本系以培養運動與休閒遊憩及健康促進相關產業人才為宗旨，課程內容兼具理論探討與實務操作；在師生歷年努力的耕耘下，目前已是兩岸運動與休閒遊憩相關產業中產、官、學交流與合作的媒合平台，累積了豐碩的實務操作經驗，歡迎對未來充滿夢想與行動力的學生加入「知行合一」的「運動與休閒學系」。,北區、國立,國立金門大學,金門,Kinmen,審查 Document Review,"Kinmen, 金門, NQU, National Quemoy University, Document Review, Portfolio, Experimental Education, Homeschooling, Self-taught, Overseas Student, Bilingual, International, Special Talent, Contest Winner, Competition"
"【北區、國立】
國立金門大學",護理學系,特殊選才,"特殊才能
不同教育資歷：
1.境外臺生
2.新住民及其子女
3.經濟弱勢學生
4.實驗教育學生
5.在地學生
6.持境外學歷報考且同時持國外具公信力之入學用大型測驗成績者",1,書面審查,"【簡章公告】2025/10/2 
【報名日期】2025/10/23 ~ 2025/11/13
【考試日期】2025/11/18 ~ 2025/11/21
【放榜日期】2025/12/5","聯絡人：曾小姐
聯絡電話：082-313702","簡章網址 ( https://admission.nqu.edu.tw/index.ASP )
學系網站 ( https://nursing.nqu.edu.tw/ )",【備註】考試各項日程以本校公告招生簡章為準。<br />金門大學護理學系是首個為提升離島居民健康而設立，教育理念為「專業、關懷、同理、樂群、堅忍」，培養具臨床實務能力的護理人才。小班教學強調師生互動，融合情境模擬與臨床測驗，重視在地文化與多元情境的培養。實習安排在金門醫院、衛生所及台灣各大醫療機構，並包含畢業前的「最後一哩實習」，學生在臨床教師指導下，照護病人並體驗夜班，增強職場適應力與工作表現。,北區、國立,國立金門大學,金門,Kinmen,審查 Document Review,"Kinmen, 金門, NQU, National Quemoy University, Document Review, Portfolio, Experimental Education, Homeschooling, Self-taught, Overseas Student, Bilingual, International, Special Talent, Contest Winner, Competition"
"【北區、國立】
國立金門大學",觀光管理學系,特殊選才,"特殊才能
不同教育資歷：
1.境外臺生
2.新住民及其子女
3.經濟弱勢學生
4.實驗教育學生
5.在地學生",1,書面審查,"【簡章公告】2025/10/2 
【報名日期】2025/10/23 ~ 2025/11/13
【考試日期】2025/11/18 ~ 2025/11/21
【放榜日期】2025/12/5","聯絡人：張小姐
聯絡電話：082-313092","簡章網址 ( https://admission.nqu.edu.tw/index.ASP )
學系網站 ( https://tourism.nqu.edu.tw/ )",【備註】考試各項日程以本校公告招生簡章為準。<br />本系強調跨域整合與實作導向，課程涵蓋觀光、運動休閒、活動企劃與服務接待，與在地產業連結緊密，提供多元實習與就業出路。辦理特殊選才，重視學生實務潛力、服務熱忱與學習歷程表現，吸納具運動精神、服務態度與觀光志趣者，培育兼具人文素養、專業技能與國際視野之觀光人才，落實多元入學與學生本位教育精神。歡迎熱愛觀光實務、關注休閒運動發展且具服務熱忱之優秀學生報考。,北區、國立,國立金門大學,金門,Kinmen,審查 Document Review,"Kinmen, 金門, NQU, National Quemoy University, Business, Management, Economics, Finance, Document Review, Portfolio, Experimental Education, Homeschooling, Self-taught, Overseas Student, Bilingual, International, Special Talent, Contest Winner, Competition"
"【北區、國立】
國立臺北藝術大學",美術學系,特殊選才,"特殊才能
不同教育資歷：
1.新住民及其子女
2.經濟弱勢學生
3.實驗教育學生
4.其他：
離島及偏遠地區",1,書面資料審查及面試。,"【簡章公告】2025/9/24 
【報名日期】2025/10/21 ~ 2025/10/27
【考試日期】2025/12/19 ~ 2025/12/20
【放榜日期】2026/1/6","聯絡人：陳建宇
聯絡電話：02-2896-1000#1255","簡章網址 ( https://admissionex.tnua.edu.tw/tnua/recruit/ )
北藝大招生資訊網 ( https://admissionex.tnua.edu.tw/ )
北藝大報名系統 ( https://onlineexam.tnua.edu.tw/ )
北藝大學士班學系選才指南 ( https://admissionex.tnua.edu.tw/introduction/ )
北藝大招生訊息整合平台 ( https://exam.tnua.edu.tw/tnua.html )",【備註】簡章公告日期、報名日期、考試日期、放榜日期、招收不同教育資歷與招生對象皆為暫定，依招生簡章公告為準。,北區、國立,國立臺北藝術大學,台北,Taipei,審查 Document Review / 口試 Interview,"Taipei, 台北, TNUA, Taipei National University of the Arts, Arts, Design, Music, Drama, Film, Animation, Document Review, Portfolio, Interview, Oral Test, Experimental Education, Homeschooling, Self-taught, Special Talent, Contest Winner, Competition"
"【北區、國立】
國立臺北藝術大學",音樂與影像跨域學士學位學程,特殊選才,"特殊才能
不同教育資歷：
1.新住民及其子女
2.經濟弱勢學生
3.實驗教育學生
4.其他：
離島及偏遠地區",2,書面資料審查及面試。,"【簡章公告】2025/9/24 
【報名日期】2025/10/21 ~ 2025/10/27
【考試日期】2025/12/19 ~ 2025/12/20
【放榜日期】2026/1/6","聯絡人：陳建宇
聯絡電話：02-2896-1000#1255","簡章網址 ( https://admissionex.tnua.edu.tw/tnua/recruit/ )
北藝大招生資訊網 ( https://admissionex.tnua.edu.tw/ )
北藝大報名系統 ( https://onlineexam.tnua.edu.tw/ )
北藝大學士班學系選才指南 ( https://admissionex.tnua.edu.tw/introduction/ )
北藝大招生訊息整合平台 ( https://exam.tnua.edu.tw/tnua.html )",【備註】簡章公告日期、報名日期、考試日期、放榜日期、招收不同教育資歷與招生對象皆為暫定，依招生簡章公告為準。,北區、國立,國立臺北藝術大學,台北,Taipei,審查 Document Review / 口試 Interview,"Taipei, 台北, TNUA, Taipei National University of the Arts, Arts, Design, Music, Drama, Film, Animation, Interdisciplinary, Cross-disciplinary, General Program, Multidisciplinary, Document Review, Portfolio, Interview, Oral Test, Experimental Education, Homeschooling, Self-taught, Special Talent, Contest Winner, Competition"
"【北區、國立】
國立臺北藝術大學",傳統音樂學系,特殊選才,"特殊才能
不同教育資歷：
1.境外臺生
2.新住民及其子女
3.經濟弱勢學生
4.實驗教育學生
5.其他：
離島、偏遠地區、原住民及特殊境遇家庭",1,書面資料審查及面試。,"【簡章公告】2025/9/24 
【報名日期】2025/10/21 ~ 2025/10/27
【考試日期】2025/12/19 ~ 2025/12/20
【放榜日期】2026/1/6","聯絡人：陳建宇
聯絡電話：02-2896-1000#1255","簡章網址 ( https://admissionex.tnua.edu.tw/tnua/recruit/ )
北藝大招生資訊網 ( https://admissionex.tnua.edu.tw/ )
北藝大報名系統 ( https://onlineexam.tnua.edu.tw/ )
北藝大學士班學系選才指南 ( https://admissionex.tnua.edu.tw/introduction/ )
北藝大招生訊息整合平台 ( https://exam.tnua.edu.tw/tnua.html )",【備註】簡章公告日期、報名日期、考試日期、放榜日期、招收不同教育資歷與招生對象皆為暫定，依招生簡章公告為準。,北區、國立,國立臺北藝術大學,台北,Taipei,審查 Document Review / 口試 Interview,"Taipei, 台北, TNUA, Taipei National University of the Arts, Arts, Design, Music, Drama, Film, Animation, Document Review, Portfolio, Interview, Oral Test, Experimental Education, Homeschooling, Self-taught, Overseas Student, Bilingual, International, Special Talent, Contest Winner, Competition"
"【北區、國立】
國立臺北藝術大學",新媒體藝術學系,特殊選才,"特殊才能
不同教育資歷：
1.實驗教育學生",2,書面資料審查及面試。,"【簡章公告】2025/9/24 
【報名日期】2025/10/21 ~ 2025/10/27
【考試日期】2025/12/19 ~ 2025/12/20
【放榜日期】2026/1/6","聯絡人：陳建宇
聯絡電話：02-2896-1000#1255","簡章網址 ( https://admissionex.tnua.edu.tw/tnua/recruit/ )
北藝大招生資訊網 ( https://admissionex.tnua.edu.tw/ )
北藝大報名系統 ( https://onlineexam.tnua.edu.tw/ )
北藝大學士班學系選才指南 ( https://admissionex.tnua.edu.tw/introduction/ )
北藝大招生訊息整合平台 ( https://exam.tnua.edu.tw/tnua.html )",【備註】簡章公告日期、報名日期、考試日期、放榜日期、招收不同教育資歷與招生對象皆為暫定，依招生簡章公告為準。,北區、國立,國立臺北藝術大學,台北,Taipei,審查 Document Review / 口試 Interview,"Taipei, 台北, TNUA, Taipei National University of the Arts, Arts, Design, Music, Drama, Film, Animation, Document Review, Portfolio, Interview, Oral Test, Experimental Education, Homeschooling, Self-taught, Special Talent, Contest Winner, Competition"
"【北區、國立】
國立臺北藝術大學",電影創作學系,特殊選才,"特殊才能
不同教育資歷：
1.新住民及其子女
2.實驗教育學生",2,書面資料審查及面試。,"【簡章公告】2025/9/24 
【報名日期】2025/10/21 ~ 2025/10/27
【考試日期】2025/12/19 ~ 2025/12/20
【放榜日期】2026/1/6","聯絡人：陳建宇
聯絡電話：02-2896-1000#1255","簡章網址 ( https://admissionex.tnua.edu.tw/tnua/recruit/ )
北藝大招生資訊網 ( https://admissionex.tnua.edu.tw/ )
北藝大報名系統 ( https://onlineexam.tnua.edu.tw/ )
北藝大學士班學系選才指南 ( https://admissionex.tnua.edu.tw/introduction/ )
北藝大招生訊息整合平台 ( https://exam.tnua.edu.tw/tnua.html )",【備註】簡章公告日期、報名日期、考試日期、放榜日期、招收不同教育資歷與招生對象皆為暫定，依招生簡章公告為準。,北區、國立,國立臺北藝術大學,台北,Taipei,審查 Document Review / 口試 Interview,"Taipei, 台北, TNUA, Taipei National University of the Arts, Arts, Design, Music, Drama, Film, Animation, Document Review, Portfolio, Interview, Oral Test, Experimental Education, Homeschooling, Self-taught, Special Talent, Contest Winner, Competition"
"【北區、國立】
國立臺北藝術大學",劇場設計學系,特殊選才,"特殊才能
不同教育資歷：
1.境外臺生
2.新住民及其子女
3.經濟弱勢學生
4.實驗教育學生
5.其他：
離島、偏遠地區、原住民及特殊境遇家庭",5,書面資料審查及面試。,"【簡章公告】2025/9/24 
【報名日期】2025/10/21 ~ 2025/10/27
【考試日期】2025/12/19 ~ 2025/12/20
【放榜日期】2026/1/6","聯絡人：陳建宇
聯絡電話：02-2896-1000#1255","簡章網址 ( https://admissionex.tnua.edu.tw/tnua/recruit/ )
北藝大招生資訊網 ( https://admissionex.tnua.edu.tw/ )
北藝大報名系統 ( https://onlineexam.tnua.edu.tw/ )
北藝大學士班學系選才指南 ( https://admissionex.tnua.edu.tw/introduction/ )
北藝大招生訊息整合平台 ( https://exam.tnua.edu.tw/tnua.html )",【備註】簡章公告日期、報名日期、考試日期、放榜日期、招收不同教育資歷與招生對象皆為暫定，依招生簡章公告為準。,北區、國立,國立臺北藝術大學,台北,Taipei,審查 Document Review / 口試 Interview,"Taipei, 台北, TNUA, Taipei National University of the Arts, Arts, Design, Music, Drama, Film, Animation, Document Review, Portfolio, Interview, Oral Test, Experimental Education, Homeschooling, Self-taught, Overseas Student, Bilingual, International, Special Talent, Contest Winner, Competition"
